timestamp,symbol,expiry,strike,option_type,last_price,change,percent_change,volume,oi,oi_change,iv,bid_price,ask_price,bid_quantity,ask_quantity,total_buy_quantity,total_sell_quantity,underlying_value,source
2026-08-21 10:22:58.975064,NIFTY,2026-08-25,21200,CE,0.0,0.0,0.0,0,124,0,65.67,3066.2,3102.6,65,65,4485,6110,24238.65,nse
2026-08-21 10:22:58.975064,NIFTY,2026-08-25,21200,PE,0.6,-0.15,-20.0,3411,44729,-81,44.63,0.6,0.65,38090,57265,3014310,339950,24238.65,nse
2026-08-21 10:22:58.975064,NIFTY,2026-08-25,21250,CE,0.0,0.0,0.0,0,1,0,60.38,3014.25,3169.55,65,780,6305,5005,24238.65,nse
2026-08-21 10:22:58.975064,NIFTY,2026-08-25,21250,PE,0.55,-0.25,-31.25,764,1632,83,43.92,0.55,0.6,1105,16120,415090,87165,24238.65,nse
2026-08-21 10:22:58.975064,NIFTY,2026-08-25,21300,CE,0.0,0.0,0.0,0,57,0,0.0,2956.85,3003.3,780,65,7020,4485,24238.65,nse
2026-08-21 10:22:58.975064,NIFTY,2026-08-25,21300,PE,0.55,-0.15,-21.428571428571427,2482,13687,564,43.21,0.55,0.6,59605,8320,947570,135590,24238.65,nse
2026-08-21 10:22:58.975064,NIFTY,2026-08-25,21350,CE,0.0,0.0,0.0,0,0,0,0.0,2647.5,3061.5,780,780,6890,5135,24238.65,nse
2026-08-21 10:22:58.975064,NIFTY,2026-08-25,21350,PE,0.65,-0.15,-18.75,110,852,27,42.81,0.6,0.7,3185,5655,66755,30680,24238.65,nse
2026-08-21 10:22:58.975064,NIFTY,2026-08-25,21400,CE,2940.75,324.45,12.40110079119367,2,1,-1,87.83,2866.25,2935.75,65,780,6175,5005,24238.65,nse
2026-08-21 10:22:58.975064,NIFTY,2026-08-25,21400,PE,0.6,-0.15,-20.0,1420,9339,98,42.1,0.6,0.65,31135,15340,1450345,102700,24238.65,nse
2026-08-21 10:22:58.975064,NIFTY,2026-08-25,21450,CE,0.0,0.0,0.0,0,0,0,0.0,2560.8,2924.65,780,780,6890,5135,24238.65,nse
2026-08-21 10:22:58.975064,NIFTY,2026-08-25,21450,PE,0.7,-0.15,-17.647058823529413,300,657,126,41.67,0.6,0.7,4160,325,69550,22425,24238.65,nse
2026-08-21 10:22:58.975064,NIFTY,2026-08-25,21500,CE,2781.15,-11.8,-0.4224923468017687,57,4887,-37,67.81,2779.6,2784.15,325,130,11245,9815,24238.65,nse
2026-08-21 10:22:58.975064,NIFTY,2026-08-25,21500,PE,0.65,-0.2,-23.529411764705884,1700,25059,59,40.67,0.6,0.65,62140,18525,1561495,272025,24238.65,nse
2026-08-21 10:22:58.975064,NIFTY,2026-08-25,21550,CE,0.0,0.0,0.0,0,0,0,0.0,2483.75,2819.6,910,780,6890,6890,24238.65,nse
2026-08-21 10:22:58.975064,NIFTY,2026-08-25,21550,PE,0.75,-0.1,-11.764705882352942,79,441,12,40.5,0.65,0.75,2925,8450,83460,28990,24238.65,nse
2026-08-21 10:22:58.975064,NIFTY,2026-08-25,21600,CE,0.0,0.0,0.0,0,0,0,0.0,2434.8,2929.35,780,780,6890,6890,24238.65,nse
2026-08-21 10:22:58.975064,NIFTY,2026-08-25,21600,PE,0.7,-0.15,-17.647058823529413,910,3202,57,39.52,0.65,0.7,22035,16640,714935,75335,24238.65,nse
2026-08-21 10:22:58.975064,NIFTY,2026-08-25,21650,CE,0.0,0.0,0.0,0,0,0,0.0,2401.35,2732.3,780,845,6890,6760,24238.65,nse
2026-08-21 10:22:58.975064,NIFTY,2026-08-25,21650,PE,0.75,-0.15,-16.666666666666668,288,585,73,38.53,0.65,0.75,3900,130,83395,43485,24238.65,nse
2026-08-21 10:22:58.975064,NIFTY,2026-08-25,21700,CE,0.0,0.0,0.0,0,10,0,56.19,2490.9,2632.45,780,780,7020,7020,24238.65,nse
2026-08-21 10:22:58.975064,NIFTY,2026-08-25,21700,PE,0.75,-0.1,-11.764705882352942,2171,4327,61,38.34,0.7,0.75,7995,15145,813345,77220,24238.65,nse
2026-08-21 10:22:58.975064,NIFTY,2026-08-25,21750,CE,0.0,0.0,0.0,0,0,0,0.0,2311.3,2653.25,780,780,6890,6890,24238.65,nse
2026-08-21 10:22:58.975064,NIFTY,2026-08-25,21750,PE,0.75,-0.2,-21.05263157894737,300,802,-81,37.62,0.75,0.8,390,260,85085,29835,24238.65,nse
2026-08-21 10:22:58.975064,NIFTY,2026-08-25,21800,CE,0.0,0.0,0.0,0,1,0,57.37,2358.35,2548.35,65,65,7020,7020,24238.65,nse
2026-08-21 10:22:58.975064,NIFTY,2026-08-25,21800,PE,0.75,-0.2,-21.05263157894737,4763,5365,-289,36.91,0.75,0.8,7475,26260,1354860,114075,24238.65,nse
2026-08-21 10:22:58.975064,NIFTY,2026-08-25,21850,CE,0.0,0.0,0.0,0,0,0,0.0,2265.75,2501.0,780,780,6890,6760,24238.65,nse
2026-08-21 10:22:58.975064,NIFTY,2026-08-25,21850,PE,0.85,-0.15,-15.0,1399,777,161,36.42,0.8,0.85,65,780,885820,54405,24238.65,nse
2026-08-21 10:22:58.975064,NIFTY,2026-08-25,21900,CE,0.0,0.0,0.0,0,6,0,53.6,2304.6,2452.3,780,780,7020,6890,24238.65,nse
2026-08-21 10:22:58.975064,NIFTY,2026-08-25,21900,PE,0.85,-0.15,-15.0,2244,3917,-76,35.7,0.8,0.85,27105,40235,2041715,122915,24238.65,nse
2026-08-21 10:22:58.975064,NIFTY,2026-08-25,21950,CE,0.0,0.0,0.0,0,0,0,0.0,2166.4,2443.1,780,780,6110,6110,24238.65,nse
2026-08-21 10:22:58.975064,NIFTY,2026-08-25,21950,PE,0.9,-0.15,-14.285714285714286,365,924,64,34.98,0.85,0.9,455,260,100230,21190,24238.65,nse
2026-08-21 10:22:58.975064,NIFTY,2026-08-25,22000,CE,2281.4,-13.4,-0.583928882691302,107,8140,-81,56.03,2278.25,2284.4,65,130,10010,9685,24238.65,nse
2026-08-21 10:22:58.975064,NIFTY,2026-08-25,22000,PE,0.85,-0.2,-19.047619047619047,24615,65353,-6233,34.67,0.85,0.9,62010,175890,5010135,1317160,24238.65,nse
2026-08-21 10:22:58.975064,NIFTY,2026-08-25,22050,CE,0.0,0.0,0.0,0,0,0,0.0,2160.55,2299.4,780,780,6890,6890,24238.65,nse
2026-08-21 10:22:58.975064,NIFTY,2026-08-25,22050,PE,0.95,-0.25,-20.833333333333332,1885,1523,286,34.13,0.9,0.95,16900,30745,1859650,98670,24238.65,nse
2026-08-21 10:22:58.975064,NIFTY,2026-08-25,22100,CE,0.0,0.0,0.0,0,0,0,0.0,1961.4,2251.85,780,780,6890,6890,24238.65,nse
2026-08-21 10:22:58.975064,NIFTY,2026-08-25,22100,PE,0.95,-0.2,-17.391304347826086,4183,9659,-82,33.21,0.9,0.95,101400,67665,2813460,289055,24238.65,nse
2026-08-21 10:22:58.975064,NIFTY,2026-08-25,22150,CE,0.0,0.0,0.0,0,2,0,0.0,2076.2,2159.0,780,780,7020,7020,24238.65,nse
2026-08-21 10:22:58.975064,NIFTY,2026-08-25,22150,PE,1.05,-0.2,-16.0,7023,5343,1985,32.84,1.0,1.05,65390,59735,2270385,143585,24238.65,nse
2026-08-21 10:22:58.975064,NIFTY,2026-08-25,22200,CE,0.0,0.0,0.0,0,6,0,46.36,2046.9,2099.45,780,65,7020,6110,24238.65,nse
2026-08-21 10:22:58.975064,NIFTY,2026-08-25,22200,PE,1.05,-0.2,-16.0,3532,11526,424,32.28,1.0,1.05,43290,28275,2335580,124020,24238.65,nse
2026-08-21 10:22:58.975064,NIFTY,2026-08-25,22250,CE,0.0,0.0,0.0,0,1,0,0.0,1889.6,2072.75,780,780,7020,7020,24238.65,nse
2026-08-21 10:22:58.975064,NIFTY,2026-08-25,22250,PE,1.1,-0.3,-21.428571428571427,4420,4325,647,31.85,1.1,1.15,41665,48880,2512250,163605,24238.65,nse
2026-08-21 10:22:58.975064,NIFTY,2026-08-25,22300,CE,0.0,0.0,0.0,0,28,0,58.98,1951.85,1982.4,780,130,7085,6240,24238.65,nse
2026-08-21 10:22:58.975064,NIFTY,2026-08-25,22300,PE,1.15,-0.25,-17.857142857142858,7391,10467,-95,31.25,1.1,1.15,69485,53170,1946620,174915,24238.65,nse
2026-08-21 10:22:58.975064,NIFTY,2026-08-25,22350,CE,0.0,0.0,0.0,0,2,0,0.0,1887.1,1953.35,780,780,6890,7020,24238.65,nse
2026-08-21 10:22:58.975064,NIFTY,2026-08-25,22350,PE,1.2,-0.25,-17.24137931034483,4303,3904,-128,30.51,1.15,1.2,75725,37180,1733030,185965,24238.65,nse
2026-08-21 10:22:58.975064,NIFTY,2026-08-25,22400,CE,0.0,0.0,0.0,0,31,0,0.0,1870.95,1899.25,65,65,4615,6240,24238.65,nse
2026-08-21 10:22:58.975064,NIFTY,2026-08-25,22400,PE,1.2,-0.25,-17.24137931034483,7334,6242,394,29.9,1.2,1.25,97370,45630,2534090,184080,24238.65,nse
2026-08-21 10:22:58.975064,NIFTY,2026-08-25,22450,CE,0.0,0.0,0.0,0,1,0,0.0,1818.6,1884.1,65,845,6240,6955,24238.65,nse
2026-08-21 10:22:58.975064,NIFTY,2026-08-25,22450,PE,1.25,-0.25,-16.666666666666668,2497,4424,109,29.28,1.25,1.3,63050,45045,2010125,190190,24238.65,nse
2026-08-21 10:22:58.975064,NIFTY,2026-08-25,22500,CE,1781.15,-14.4,-0.8019826794018546,69,3791,-44,44.81,1781.55,1782.9,65,130,9490,10530,24238.65,nse
2026-08-21 10:22:58.975064,NIFTY,2026-08-25,22500,PE,1.3,-0.25,-16.129032258064516,62490,76581,1851,28.53,1.25,1.3,183235,104000,4565925,841425,24238.65,nse
2026-08-21 10:22:58.975064,NIFTY,2026-08-25,22550,CE,1719.0,-0.55,-0.031985112384053965,2,22,-2,36.68,1729.5,1746.85,195,65,6500,6240,24238.65,nse
2026-08-21 10:22:58.975064,NIFTY,2026-08-25,22550,PE,1.3,-0.3,-18.75,8532,5129,925,28.02,1.3,1.35,86060,63700,2156895,246740,24238.65,nse
2026-08-21 10:22:58.975064,NIFTY,2026-08-25,22600,CE,1684.25,0.0,0.0,11,46,0,42.67,1674.45,1698.95,325,65,6435,6435,24238.65,nse
2026-08-21 10:22:58.975064,NIFTY,2026-08-25,22600,PE,1.35,-0.2,-12.903225806451612,11922,6149,-592,27.37,1.3,1.35,102895,33670,2034175,251940,24238.65,nse
2026-08-21 10:22:58.975064,NIFTY,2026-08-25,22650,CE,0.0,0.0,0.0,0,33,0,0.0,1622.35,1648.3,130,65,6305,6240,24238.65,nse
2026-08-21 10:22:58.975064,NIFTY,2026-08-25,22650,PE,1.4,-0.25,-15.151515151515152,2877,1969,198,26.61,1.4,1.45,15080,34450,1129830,126035,24238.65,nse
2026-08-21 10:22:58.975064,NIFTY,2026-08-25,22700,CE,1580.0,-17.9,-1.1202202891294823,7,78,0,38.95,1577.7,1590.8,130,65,6630,6175,24238.65,nse
2026-08-21 10:22:58.975064,NIFTY,2026-08-25,22700,PE,1.45,-0.1,-6.451612903225806,26855,19426,-4411,25.85,1.4,1.45,157625,87490,4550650,464035,24238.65,nse
2026-08-21 10:22:58.975064,NIFTY,2026-08-25,22750,CE,0.0,0.0,0.0,0,7,0,33.55,1522.7,1547.95,130,65,6370,6240,24238.65,nse
2026-08-21 10:22:58.975064,NIFTY,2026-08-25,22750,PE,1.5,-0.3,-16.666666666666668,8108,6439,1682,25.29,1.45,1.5,108940,28080,2267395,269165,24238.65,nse
2026-08-21 10:22:58.975064,NIFTY,2026-08-25,22800,CE,0.0,0.0,0.0,0,78,0,43.63,1471.5,1498.15,65,65,7995,7995,24238.65,nse
2026-08-21 10:22:58.975064,NIFTY,2026-08-25,22800,PE,1.55,-0.2,-11.428571428571429,22466,27090,1532,24.62,1.5,1.55,336505,121485,3538080,632840,24238.65,nse
2026-08-21 10:22:58.975064,NIFTY,2026-08-25,22850,CE,0.0,0.0,0.0,0,29,0,0.0,1430.85,1446.95,65,65,8255,7995,24238.65,nse
2026-08-21 10:22:58.975064,NIFTY,2026-08-25,22850,PE,1.6,-0.2,-11.11111111111111,7755,7463,186,23.86,1.55,1.6,105690,32695,2095925,237575,24238.65,nse
2026-08-21 10:22:58.975064,NIFTY,2026-08-25,22900,CE,1379.85,12.85,0.9400146305779078,20,75,0,34.66,1378.4,1393.1,130,65,8125,7930,24238.65,nse
2026-08-21 10:22:58.975064,NIFTY,2026-08-25,22900,PE,1.7,-0.2,-10.526315789473685,23950,30296,990,23.26,1.65,1.7,320905,211055,3934710,640900,24238.65,nse
2026-08-21 10:22:58.975064,NIFTY,2026-08-25,22950,CE,0.0,0.0,0.0,0,3,0,22.91,1327.3,1349.0,65,65,8190,7995,24238.65,nse
2026-08-21 10:22:58.975064,NIFTY,2026-08-25,22950,PE,1.7,-0.25,-12.820512820512821,7631,4438,135,22.57,1.7,1.75,35165,73515,2603120,217620,24238.65,nse
2026-08-21 10:22:58.975064,NIFTY,2026-08-25,23000,CE,1282.65,-10.5,-0.8119707690523141,610,4912,-369,34.76,1284.15,1285.4,65,65,18070,19110,24238.65,nse
2026-08-21 10:22:58.975064,NIFTY,2026-08-25,23000,PE,1.8,-0.15,-7.6923076923076925,118386,157657,2859,21.87,1.75,1.8,102960,145990,8904610,876265,24238.65,nse
2026-08-21 10:22:58.975064,NIFTY,2026-08-25,23050,CE,0.0,0.0,0.0,0,6,0,0.0,1221.75,1249.1,65,65,8060,7995,24238.65,nse
2026-08-21 10:22:58.975064,NIFTY,2026-08-25,23050,PE,1.85,-0.25,-11.904761904761905,13020,4818,221,21.23,1.8,1.85,64480,62335,1931475,241540,24238.65,nse
2026-08-21 10:22:58.975064,NIFTY,2026-08-25,23100,CE,1185.25,-36.25,-2.9676627097830535,6,73,-1,32.08,1176.05,1188.65,195,130,9685,9815,24238.65,nse
2026-08-21 10:22:58.975064,NIFTY,2026-08-25,23100,PE,1.9,-0.3,-13.636363636363637,37001,20388,3027,20.51,1.85,1.9,298805,122395,3920995,652275,24238.65,nse
2026-08-21 10:22:58.975064,NIFTY,2026-08-25,23150,CE,0.0,0.0,0.0,0,9,0,0.0,1123.15,1148.85,130,65,8060,7995,24238.65,nse
2026-08-21 10:22:58.975064,NIFTY,2026-08-25,23150,PE,2.05,-0.45,-18.0,41638,26587,3618,19.85,2.0,2.05,165165,141570,3328845,459615,24238.65,nse
2026-08-21 10:22:58.975064,NIFTY,2026-08-25,23200,CE,1088.5,-9.0,-0.8200455580865603,55,337,30,30.74,1082.65,1087.2,65,130,6825,10725,24238.65,nse
2026-08-21 10:22:58.975064,NIFTY,2026-08-25,23200,PE,2.1,-0.15,-6.666666666666667,99382,55085,1511,19.18,2.05,2.1,349570,123695,5488145,748735,24238.65,nse
2026-08-21 10:22:58.975064,NIFTY,2026-08-25,23250,CE,1036.45,-38.65,-3.5950144172635103,4,33,2,29.05,1024.25,1047.05,130,65,7930,7865,24238.65,nse
2026-08-21 10:22:58.975064,NIFTY,2026-08-25,23250,PE,2.2,-0.25,-10.204081632653061,39004,17237,5871,18.43,2.15,2.2,134940,72995,3105960,297960,24238.65,nse
2026-08-21 10:22:58.975064,NIFTY,2026-08-25,23300,CE,986.25,-10.2,-1.0236339003462291,54,396,8,27.87,982.0,988.45,65,260,11765,14235,24238.65,nse
2026-08-21 10:22:58.975064,NIFTY,2026-08-25,23300,PE,2.35,-0.15,-6.0,103208,58942,12043,17.84,2.3,2.35,323310,93340,5755815,481975,24238.65,nse
2026-08-21 10:22:58.975064,NIFTY,2026-08-25,23350,CE,933.55,-16.45,-1.731578947368421,2,47,0,0.0,930.5,937.9,130,325,8645,8970,24238.65,nse
2026-08-21 10:22:58.975064,NIFTY,2026-08-25,23350,PE,2.45,-0.2,-7.547169811320755,39250,12323,808,17.12,2.4,2.45,116935,65845,3441230,265590,24238.65,nse
2026-08-21 10:22:58.975064,NIFTY,2026-08-25,23400,CE,888.95,-4.1,-0.4591008342198085,25,443,-2,26.25,882.4,886.2,130,65,11115,12155,24238.65,nse
2026-08-21 10:22:58.975064,NIFTY,2026-08-25,23400,PE,2.6,-0.3,-10.344827586206897,168403,77976,13362,16.44,2.6,2.65,312520,96330,6217900,575315,24238.65,nse
2026-08-21 10:22:58.975064,NIFTY,2026-08-25,23450,CE,838.25,-39.1,-4.456602268193993,1,36,0,24.91,832.2,837.6,130,65,7995,7930,24238.65,nse
2026-08-21 10:22:58.975064,NIFTY,2026-08-25,23450,PE,2.8,-0.2,-6.666666666666667,83176,18984,898,15.73,2.75,2.8,143000,80860,3674385,286455,24238.65,nse
2026-08-21 10:22:58.975064,NIFTY,2026-08-25,23500,CE,782.85,-11.55,-1.45392749244713,677,6413,-52,23.71,783.4,785.75,65,65,20345,26000,24238.65,nse
2026-08-21 10:22:58.975064,NIFTY,2026-08-25,23500,PE,2.95,-0.3,-9.23076923076923,256635,163834,16645,15.05,2.95,3.0,141115,168220,9871485,508625,24238.65,nse
2026-08-21 10:22:58.975064,NIFTY,2026-08-25,23550,CE,735.7,-11.05,-1.4797455641111483,80,207,19,22.92,734.0,737.3,65,65,12870,13650,24238.65,nse
2026-08-21 10:22:58.975064,NIFTY,2026-08-25,23550,PE,3.1,-0.25,-7.462686567164179,126557,27200,2316,14.34,3.1,3.15,31200,42770,3636360,272870,24238.65,nse
2026-08-21 10:22:58.975064,NIFTY,2026-08-25,23600,CE,686.75,-8.4,-1.2083722937495505,98,3597,-13,21.04,684.3,687.15,65,130,16250,15860,24238.65,nse
2026-08-21 10:22:58.975064,NIFTY,2026-08-25,23600,PE,3.4,-0.25,-6.8493150684931505,197927,94099,6432,13.64,3.4,3.45,26520,52130,4514055,289640,24238.65,nse
2026-08-21 10:22:58.975064,NIFTY,2026-08-25,23650,CE,640.0,-3.3,-0.5129799471475206,61,566,3,20.59,634.5,637.8,65,65,14690,14495,24238.65,nse
2026-08-21 10:22:58.975064,NIFTY,2026-08-25,23650,PE,3.7,-0.35,-8.641975308641975,115875,39055,9410,12.97,3.65,3.7,30160,41275,3270995,273130,24238.65,nse
2026-08-21 10:22:58.975064,NIFTY,2026-08-25,23700,CE,585.85,-11.9,-1.9907988289418654,376,2810,-33,19.35,584.4,586.3,65,130,19760,19175,24238.65,nse
2026-08-21 10:22:58.975064,NIFTY,2026-08-25,23700,PE,4.0,-0.55,-12.087912087912088,206384,106546,3562,12.24,3.95,4.0,20735,60970,4210440,553670,24238.65,nse
2026-08-21 10:22:58.975064,NIFTY,2026-08-25,23750,CE,541.6,-7.55,-1.3748520440681054,214,716,-34,18.35,535.75,537.75,130,130,39910,16835,24238.65,nse
2026-08-21 10:22:58.975064,NIFTY,2026-08-25,23750,PE,4.5,-0.9,-16.666666666666668,148937,39183,4330,11.57,4.5,4.55,27495,15470,2800655,234975,24238.65,nse
2026-08-21 10:22:58.975064,NIFTY,2026-08-25,23800,CE,486.75,-11.5,-2.308078273958856,3694,10072,480,16.7,486.5,487.85,130,260,166530,41600,24238.65,nse
2026-08-21 10:22:58.975064,NIFTY,2026-08-25,23800,PE,5.25,-1.4,-21.05263157894737,272173,134003,9611,10.95,5.2,5.25,57005,35035,4081740,839215,24238.65,nse
2026-08-21 10:22:58.975064,NIFTY,2026-08-25,23850,CE,436.4,-14.0,-3.108348134991119,683,1184,49,15.83,437.85,439.1,130,325,77220,25610,24238.65,nse
2026-08-21 10:22:58.975064,NIFTY,2026-08-25,23850,PE,6.4,-1.75,-21.47239263803681,183366,66197,8010,10.39,6.35,6.4,37050,9100,2907710,301275,24238.65,nse
2026-08-21 10:22:58.975064,NIFTY,2026-08-25,23900,CE,390.3,-12.55,-3.115303462827355,6109,5352,622,14.63,389.85,390.65,455,260,96460,54600,24238.65,nse
2026-08-21 10:22:58.975064,NIFTY,2026-08-25,23900,PE,8.2,-2.25,-21.5311004784689,280708,113630,9999,9.92,8.15,8.2,13455,23725,3160755,669565,24238.65,nse
2026-08-21 10:22:58.975064,NIFTY,2026-08-25,23950,CE,342.8,-13.85,-3.8833590354689473,4525,3816,567,13.61,342.4,343.05,65,130,104455,36140,24238.65,nse
2026-08-21 10:22:58.975064,NIFTY,2026-08-25,23950,PE,10.8,-2.95,-21.454545454545453,203157,54792,6183,9.48,10.75,10.8,3770,6175,2824250,334880,24238.65,nse
2026-08-21 10:22:58.975064,NIFTY,2026-08-25,24000,CE,297.0,-13.75,-4.424778761061947,67588,96385,1985,12.63,296.8,297.25,260,65,578500,212030,24238.65,nse
2026-08-21 10:22:58.975064,NIFTY,2026-08-25,24000,PE,14.65,-3.75,-20.380434782608695,582963,283203,31697,9.1,14.65,14.7,65,37440,4467710,1649310,24238.65,nse
2026-08-21 10:22:58.975064,NIFTY,2026-08-25,24050,CE,252.3,-14.9,-5.576347305389222,24202,10819,1376,11.91,252.05,252.65,65,195,184210,88530,24238.65,nse
2026-08-21 10:22:58.975064,NIFTY,2026-08-25,24050,PE,19.75,-4.5,-18.556701030927837,288644,76075,27513,8.7,19.75,19.8,3575,7540,3006380,615615,24238.65,nse
2026-08-21 10:22:58.975064,NIFTY,2026-08-25,24100,CE,209.2,-15.65,-6.960195686012898,150078,58019,10977,11.21,209.65,209.95,260,65,369720,392275,24238.65,nse
2026-08-21 10:22:58.975064,NIFTY,2026-08-25,24100,PE,27.25,-5.05,-15.634674922600619,534090,159184,41916,8.36,27.2,27.25,3770,325,3433430,1100840,24238.65,nse
2026-08-21 10:22:58.975064,NIFTY,2026-08-25,24150,CE,170.45,-15.45,-8.310919849381389,181003,38160,18894,10.62,170.05,170.45,390,390,416065,403195,24238.65,nse
2026-08-21 10:22:58.975064,NIFTY,2026-08-25,24150,PE,37.75,-4.8,-11.280846063454758,493326,116319,44749,8.05,37.65,37.75,4485,585,3244020,895570,24238.65,nse
2026-08-21 10:22:58.975064,NIFTY,2026-08-25,24200,CE,134.85,-15.6,-10.36889332003988,948803,234044,104681,10.09,134.5,134.85,975,325,3266835,1934530,24238.65,nse
2026-08-21 10:22:58.975064,NIFTY,2026-08-25,24200,PE,51.95,-4.4,-7.808340727595386,1566632,358644,154198,7.74,51.85,51.95,65,1885,4984070,3087695,24238.65,nse
2026-08-21 10:22:58.975064,NIFTY,2026-08-25,24250,CE,102.25,-15.3,-13.015737983836665,1033862,176768,112605,9.63,102.1,102.3,650,1105,3798470,2086630,24238.65,nse
2026-08-21 10:22:58.975064,NIFTY,2026-08-25,24250,PE,70.6,-3.6,-4.8517520215633425,1310832,198298,121721,7.4,70.35,70.5,1430,325,3929315,1941810,24238.65,nse
2026-08-21 10:22:58.975064,NIFTY,2026-08-25,24300,CE,75.4,-14.2,-15.848214285714286,1267189,297914,147362,9.32,75.25,75.45,3445,325,4325490,2923050,24238.65,nse
2026-08-21 10:22:58.975064,NIFTY,2026-08-25,24300,PE,93.85,-2.2,-2.2904737116085374,1160348,214072,99037,7.07,93.5,93.7,1365,975,3729505,1665430,24238.65,nse
2026-08-21 10:22:58.975064,NIFTY,2026-08-25,24350,CE,53.8,-12.4,-18.731117824773413,519913,103360,56367,9.04,53.75,53.85,1105,650,3091335,1002430,24238.65,nse
2026-08-21 10:22:58.975064,NIFTY,2026-08-25,24350,PE,122.0,-0.75,-0.6109979633401222,399373,65666,34986,6.67,121.8,122.1,130,1690,608790,565695,24238.65,nse
2026-08-21 10:22:58.975064,NIFTY,2026-08-25,24400,CE,36.9,-10.45,-22.069693769799365,597029,195214,68742,8.87,36.9,37.0,12675,2730,3538665,1740700,24238.65,nse
2026-08-21 10:22:58.975064,NIFTY,2026-08-25,24400,PE,155.0,2.0,1.3071895424836601,351278,72595,23974,6.05,155.0,155.25,975,1040,572845,571415,24238.65,nse
2026-08-21 10:22:58.975064,NIFTY,2026-08-25,24450,CE,24.55,-8.05,-24.69325153374233,293686,82187,40188,8.76,24.45,24.55,8450,8320,3100435,690040,24238.65,nse
2026-08-21 10:22:58.975064,NIFTY,2026-08-25,24450,PE,193.3,4.05,2.14002642007926,83340,17612,8894,4.66,193.1,193.5,65,455,285675,175500,24238.65,nse
2026-08-21 10:22:58.975064,NIFTY,2026-08-25,24500,CE,16.25,-5.65,-25.799086757990867,532940,238807,46274,8.77,16.2,16.25,5070,18135,4075045,1576055,24238.65,nse
2026-08-21 10:22:58.975064,NIFTY,2026-08-25,24500,PE,234.35,6.2,2.717510409818102,103345,65723,4138,0.0,234.0,234.5,195,325,406185,234000,24238.65,nse
2026-08-21 10:22:58.975064,NIFTY,2026-08-25,24550,CE,10.65,-3.75,-26.041666666666668,254963,67779,21192,8.82,10.6,10.7,48750,35360,3350035,771940,24238.65,nse
2026-08-21 10:22:58.975064,NIFTY,2026-08-25,24550,PE,279.25,8.75,3.234750462107209,11274,4169,1236,0.0,278.0,278.7,195,520,152685,57980,24238.65,nse
2026-08-21 10:22:58.975064,NIFTY,2026-08-25,24600,CE,7.05,-2.2,-23.783783783783782,307793,153957,27316,8.98,7.05,7.1,41015,56940,4891445,1324635,24238.65,nse
2026-08-21 10:22:58.975064,NIFTY,2026-08-25,24600,PE,325.45,10.6,3.3666825472447197,17998,15438,827,0.0,324.45,325.2,325,325,354965,57785,24238.65,nse
2026-08-21 10:22:58.975064,NIFTY,2026-08-25,24650,CE,5.1,-1.1,-17.741935483870968,165459,63672,19166,9.32,5.1,5.15,39065,34385,3944070,450580,24238.65,nse
2026-08-21 10:22:58.975064,NIFTY,2026-08-25,24650,PE,372.75,11.35,3.140564471499723,2813,3057,259,0.0,372.15,373.05,260,130,50635,36010,24238.65,nse
2026-08-21 10:22:58.975064,NIFTY,2026-08-25,24700,CE,3.75,-0.4,-9.63855421686747,189520,123926,7676,9.65,3.7,3.75,101725,21385,4901260,747435,24238.65,nse
2026-08-21 10:22:58.975064,NIFTY,2026-08-25,24700,PE,421.5,13.8,3.384841795437822,3946,13179,-142,0.0,420.85,421.85,65,65,56550,38740,24238.65,nse
2026-08-21 10:22:58.975064,NIFTY,2026-08-25,24750,CE,2.95,-0.15,-4.838709677419355,119356,45206,13501,10.1,2.9,2.95,125905,69810,4328935,636935,24238.65,nse
2026-08-21 10:22:58.975064,NIFTY,2026-08-25,24750,PE,474.65,14.7,3.195999565170127,382,1490,14,0.0,469.9,471.45,130,585,41990,17615,24238.65,nse
2026-08-21 10:22:58.975064,NIFTY,2026-08-25,24800,CE,2.4,-0.05,-2.0408163265306123,199817,119299,12976,10.58,2.4,2.45,144300,372970,12080575,1195025,24238.65,nse
2026-08-21 10:22:58.975064,NIFTY,2026-08-25,24800,PE,522.0,12.95,2.5439544249091446,1664,6970,-307,0.0,518.55,520.3,65,65,54405,20215,24238.65,nse
2026-08-21 10:22:58.975064,NIFTY,2026-08-25,24850,CE,2.15,0.1,4.878048780487805,74696,36898,11160,11.23,2.1,2.15,162370,88335,4276415,682240,24238.65,nse
2026-08-21 10:22:58.975064,NIFTY,2026-08-25,24850,PE,565.8,10.75,1.936762453832988,55,765,12,0.0,568.8,571.25,65,65,20020,13975,24238.65,nse
2026-08-21 10:22:58.975064,NIFTY,2026-08-25,24900,CE,1.85,0.15,8.823529411764707,110308,58833,7841,11.81,1.85,1.9,317590,180310,11091015,1271335,24238.65,nse
2026-08-21 10:22:58.975064,NIFTY,2026-08-25,24900,PE,618.45,12.0,1.9787286668315607,437,2159,-151,0.0,618.85,621.0,65,65,17485,15015,24238.65,nse
2026-08-21 10:22:58.975064,NIFTY,2026-08-25,24950,CE,1.7,0.15,9.67741935483871,42038,22401,1260,12.39,1.65,1.7,156650,49205,3760120,595920,24238.65,nse
2026-08-21 10:22:58.975064,NIFTY,2026-08-25,24950,PE,664.6,8.85,1.3495996950057187,16,305,1,0.0,667.3,671.0,65,65,14300,14300,24238.65,nse
2026-08-21 10:22:58.975064,NIFTY,2026-08-25,25000,CE,1.6,0.15,10.344827586206897,187247,202201,18753,12.98,1.55,1.6,424320,461435,23859810,2246595,24238.65,nse
2026-08-21 10:22:58.975064,NIFTY,2026-08-25,25000,PE,723.2,16.4,2.320316921335597,2216,24844,-192,0.0,720.0,721.15,195,65,43875,25610,24238.65,nse
2026-08-21 10:22:58.975064,NIFTY,2026-08-25,25050,CE,1.4,0.2,16.666666666666668,34809,15881,1640,13.48,1.35,1.4,131495,72020,3259750,540280,24238.65,nse
2026-08-21 10:22:58.975064,NIFTY,2026-08-25,25050,PE,764.65,2.65,0.34776902887139105,195,146,1,0.0,766.7,771.5,65,65,13650,13975,24238.65,nse
2026-08-21 10:22:58.975064,NIFTY,2026-08-25,25100,CE,1.25,0.15,13.636363636363637,109333,57927,10718,14.0,1.2,1.25,318955,106925,10834720,1482585,24238.65,nse
2026-08-21 10:22:58.975064,NIFTY,2026-08-25,25100,PE,820.8,18.05,2.2485207100591715,22,1350,-6,0.0,817.25,820.45,130,65,12610,12090,24238.65,nse
2026-08-21 10:22:58.975064,NIFTY,2026-08-25,25150,CE,1.2,0.2,20.0,32363,13613,2044,14.64,1.15,1.2,168415,49790,4050995,517335,24238.65,nse
2026-08-21 10:22:58.975064,NIFTY,2026-08-25,25150,PE,865.25,-28.35,-3.1725604297224708,2,37,0,0.0,866.5,869.6,65,65,7995,7930,24238.65,nse
2026-08-21 10:22:58.975064,NIFTY,2026-08-25,25200,CE,1.1,0.2,22.22222222222222,128683,88591,12020,15.18,1.05,1.1,448110,162760,14793675,1400295,24238.65,nse
2026-08-21 10:22:58.975064,NIFTY,2026-08-25,25200,PE,915.6,9.95,1.0986584221277536,26,1665,-2,0.0,916.85,922.05,195,130,9750,10985,24238.65,nse
2026-08-21 10:22:58.975064,NIFTY,2026-08-25,25250,CE,1.0,0.2,25.0,27282,17795,4093,15.78,1.0,1.05,202345,72085,3880890,562120,24238.65,nse
2026-08-21 10:22:58.975064,NIFTY,2026-08-25,25250,PE,0.0,0.0,0.0,0,25,0,0.0,955.3,971.7,65,65,7995,7995,24238.65,nse
2026-08-21 10:22:58.975064,NIFTY,2026-08-25,25300,CE,0.95,0.2,26.666666666666668,70433,73999,3585,16.27,0.9,0.95,446875,160095,12693200,1081665,24238.65,nse
2026-08-21 10:22:58.975064,NIFTY,2026-08-25,25300,PE,1014.6,10.05,1.0004479617739286,28,1106,-5,0.0,1015.7,1020.4,130,65,11830,11895,24238.65,nse
2026-08-21 10:22:58.975064,NIFTY,2026-08-25,25350,CE,0.85,0.15,21.428571428571427,13609,9378,-357,16.73,0.85,0.9,34645,128050,3279575,319410,24238.65,nse
2026-08-21 10:22:58.975064,NIFTY,2026-08-25,25350,PE,0.0,0.0,0.0,0,24,0,41.88,1054.9,1080.85,65,130,6370,8125,24238.65,nse
2026-08-21 10:22:58.975064,NIFTY,2026-08-25,25400,CE,0.75,0.15,25.0,99113,66676,-150,17.02,0.7,0.75,638300,127205,12645100,1359345,24238.65,nse
2026-08-21 10:22:58.975064,NIFTY,2026-08-25,25400,PE,1115.0,8.8,0.7955161815223287,5,561,-1,0.0,1110.55,1119.15,195,65,10790,9425,24238.65,nse
2026-08-21 10:22:58.975064,NIFTY,2026-08-25,25450,CE,0.7,0.05,7.6923076923076925,5925,6513,382,17.67,0.7,0.75,79365,67275,1969695,235690,24238.65,nse
2026-08-21 10:22:58.975064,NIFTY,2026-08-25,25450,PE,0.0,0.0,0.0,0,16,0,31.79,1155.4,1174.45,130,65,8060,7995,24238.65,nse
2026-08-21 10:22:58.975064,NIFTY,2026-08-25,25500,CE,0.7,0.1,16.666666666666668,109965,135509,132,18.16,0.65,0.7,964275,1615965,24032060,2834520,24238.65,nse
2026-08-21 10:22:58.975064,NIFTY,2026-08-25,25500,PE,1218.65,11.45,0.9484758117958914,1554,17813,-128,0.0,1218.75,1220.95,65,65,18005,17810,24238.65,nse
2026-08-21 10:22:58.975064,NIFTY,2026-08-25,25550,CE,0.65,0.1,18.181818181818183,12468,12391,943,18.95,0.65,0.7,122655,88335,3413865,283725,24238.65,nse
2026-08-21 10:22:58.975064,NIFTY,2026-08-25,25550,PE,0.0,0.0,0.0,0,84,0,18.73,1254.95,1277.85,65,65,8060,7930,24238.65,nse
2026-08-21 10:22:58.975064,NIFTY,2026-08-25,25600,CE,0.55,0.05,10.0,99312,65261,-892,19.1,0.55,0.6,781495,1141660,12203230,2125240,24238.65,nse
2026-08-21 10:22:58.975064,NIFTY,2026-08-25,25600,PE,1315.0,6.55,0.5005923038709924,15,216,-11,0.0,1314.35,1325.25,130,130,10465,9295,24238.65,nse
2026-08-21 10:22:58.975064,NIFTY,2026-08-25,25650,CE,0.55,0.05,10.0,9622,13075,863,19.72,0.5,0.55,253565,160095,2887755,481195,24238.65,nse
2026-08-21 10:22:58.975064,NIFTY,2026-08-25,25650,PE,0.0,0.0,0.0,0,11,0,46.91,1323.1,1395.3,2535,845,8775,8710,24238.65,nse
2026-08-21 10:22:58.975064,NIFTY,2026-08-25,25700,CE,0.5,0.05,11.11111111111111,29465,37591,617,20.33,0.5,0.55,514280,305175,6725615,1226745,24238.65,nse
2026-08-21 10:22:58.975064,NIFTY,2026-08-25,25700,PE,1420.0,40.0,2.898550724637681,10,269,0,0.0,1408.3,1420.85,130,390,8840,7215,24238.65,nse
2026-08-21 10:22:58.975064,NIFTY,2026-08-25,25750,CE,0.5,0.0,0.0,7053,11063,182,20.75,0.5,0.55,80990,76830,2246205,210470,24238.65,nse
2026-08-21 10:22:58.975064,NIFTY,2026-08-25,25750,PE,0.0,0.0,0.0,0,4,0,52.07,1438.75,1489.55,780,195,8775,8840,24238.65,nse
2026-08-21 10:22:58.975064,NIFTY,2026-08-25,25800,CE,0.5,0.05,11.11111111111111,28064,22916,206,21.35,0.5,0.55,76895,308620,6272825,676260,24238.65,nse
2026-08-21 10:22:58.975064,NIFTY,2026-08-25,25800,PE,1517.0,9.0,0.596816976127321,2,176,-1,0.0,1514.4,1526.65,65,195,7865,5590,24238.65,nse
2026-08-21 10:22:58.975064,NIFTY,2026-08-25,25850,CE,0.55,0.05,10.0,4608,3365,284,22.16,0.5,0.55,52780,38675,2844465,134615,24238.65,nse
2026-08-21 10:22:58.975064,NIFTY,2026-08-25,25850,PE,0.0,0.0,0.0,0,13,0,0.0,1552.5,1577.5,65,65,6240,6305,24238.65,nse
2026-08-21 10:22:58.975064,NIFTY,2026-08-25,25900,CE,0.45,0.0,0.0,23188,15994,1452,22.56,0.45,0.5,322985,252850,5695170,575835,24238.65,nse
2026-08-21 10:22:58.975064,NIFTY,2026-08-25,25900,PE,0.0,0.0,0.0,0,67,0,32.26,1605.0,1633.15,65,130,6240,6305,24238.65,nse
2026-08-21 10:22:58.975064,NIFTY,2026-08-25,25950,CE,0.45,0.05,12.5,4764,3880,216,23.15,0.45,0.5,69420,31135,1493505,185900,24238.65,nse
2026-08-21 10:22:58.975064,NIFTY,2026-08-25,25950,PE,0.0,0.0,0.0,0,2,0,55.73,1614.3,1716.9,780,780,7020,6890,24238.65,nse
2026-08-21 10:22:58.975064,NIFTY,2026-08-25,26000,CE,0.5,0.05,11.11111111111111,48737,96079,-1946,23.51,0.45,0.5,891670,569205,12267775,1266655,24238.65,nse
2026-08-21 10:22:58.975064,NIFTY,2026-08-25,26000,PE,1721.85,16.3,0.9557034387734162,1018,27878,-798,0.0,1717.0,1721.55,520,65,20670,14950,24238.65,nse
2026-08-21 10:22:58.975064,NIFTY,2026-08-25,26050,CE,0.5,0.05,11.11111111111111,1828,2402,63,24.34,0.5,0.55,34840,30420,1556035,78520,24238.65,nse
2026-08-21 10:22:58.975064,NIFTY,2026-08-25,26050,PE,0.0,0.0,0.0,0,4,0,0.0,1711.95,1783.3,780,65,7020,6240,24238.65,nse
2026-08-21 10:22:58.975064,NIFTY,2026-08-25,26100,CE,0.45,0.0,0.0,4952,4478,-206,24.68,0.45,0.5,84890,41080,1439230,215085,24238.65,nse
2026-08-21 10:22:58.975064,NIFTY,2026-08-25,26100,PE,0.0,0.0,0.0,0,394,0,45.09,1816.05,1829.5,195,65,6435,6305,24238.65,nse
2026-08-21 10:22:58.975064,NIFTY,2026-08-25,26150,CE,0.5,0.05,11.11111111111111,1057,1461,114,25.52,0.5,0.55,7800,15015,1287130,51675,24238.65,nse
2026-08-21 10:22:58.975064,NIFTY,2026-08-25,26150,PE,0.0,0.0,0.0,0,0,0,0.0,1698.3,1931.35,780,780,6760,6760,24238.65,nse
2026-08-21 10:22:58.975064,NIFTY,2026-08-25,26200,CE,0.5,0.05,11.11111111111111,4622,5510,251,25.84,0.45,0.5,85930,58565,1192100,259740,24238.65,nse
2026-08-21 10:22:58.975064,NIFTY,2026-08-25,26200,PE,0.0,0.0,0.0,0,671,0,33.07,1910.05,1929.85,65,65,7085,4615,24238.65,nse
2026-08-21 10:22:58.975064,NIFTY,2026-08-25,26250,CE,0.45,-0.1,-18.181818181818183,1670,1305,315,26.69,0.45,0.5,12350,17940,1244555,68770,24238.65,nse
2026-08-21 10:22:58.975064,NIFTY,2026-08-25,26250,PE,0.0,0.0,0.0,0,1,0,66.22,1847.1,2004.45,780,780,7020,6890,24238.65,nse
2026-08-21 10:22:58.975064,NIFTY,2026-08-25,26300,CE,0.55,0.1,22.22222222222222,2795,11315,249,27.51,0.5,0.55,45890,86125,1836965,217425,24238.65,nse
2026-08-21 10:22:58.975064,NIFTY,2026-08-25,26300,PE,2025.9,14.3,0.7108769138993836,216,5914,-166,0.0,2015.25,2022.8,65,65,6175,8320,24238.65,nse
2026-08-21 10:22:58.975064,NIFTY,2026-08-25,26350,CE,0.5,0.05,11.11111111111111,328,410,25,27.57,0.45,0.55,2145,3185,152295,22945,24238.65,nse
2026-08-21 10:22:58.975064,NIFTY,2026-08-25,26350,PE,0.0,0.0,0.0,0,1,0,21.23,2054.25,2122.05,65,65,6240,6825,24238.65,nse
2026-08-21 10:22:58.975064,NIFTY,2026-08-25,26400,CE,0.5,0.05,11.11111111111111,2151,2423,505,28.42,0.45,0.5,47580,18980,991900,116935,24238.65,nse
2026-08-21 10:22:58.975064,NIFTY,2026-08-25,26400,PE,0.0,0.0,0.0,0,2,0,0.0,2068.25,2176.8,780,780,7020,6890,24238.65,nse
2026-08-21 10:22:58.975064,NIFTY,2026-08-25,26450,CE,0.5,0.0,0.0,326,407,138,28.99,0.5,0.55,15470,7475,128700,25025,24238.65,nse
2026-08-21 10:22:58.975064,NIFTY,2026-08-25,26450,PE,0.0,0.0,0.0,0,0,0,0.0,1982.05,2230.55,780,780,6890,6890,24238.65,nse
2026-08-21 10:22:58.975064,NIFTY,2026-08-25,26500,CE,0.45,-0.05,-10.0,7659,4745,1122,29.28,0.4,0.45,95615,45500,1905475,224185,24238.65,nse
2026-08-21 10:22:58.975064,NIFTY,2026-08-25,26500,PE,0.0,0.0,0.0,0,91,0,0.0,2202.35,2257.7,195,845,6565,6955,24238.65,nse
2026-08-21 10:22:58.975064,NIFTY,2026-08-25,26550,CE,0.5,0.0,0.0,227,291,9,30.13,0.45,0.55,715,5785,66625,21255,24238.65,nse
2026-08-21 10:22:58.975064,NIFTY,2026-08-25,26550,PE,0.0,0.0,0.0,0,0,0,0.0,2070.7,2327.15,780,780,6760,6890,24238.65,nse
2026-08-21 10:22:58.975064,NIFTY,2026-08-25,26600,CE,0.5,0.0,0.0,679,1056,302,30.7,0.45,0.5,5915,7150,1152190,34515,24238.65,nse
2026-08-21 10:22:58.975064,NIFTY,2026-08-25,26600,PE,0.0,0.0,0.0,0,0,0,0.0,2236.75,2378.05,130,65,5330,5330,24238.65,nse
2026-08-21 10:22:58.975064,NIFTY,2026-08-25,26650,CE,0.5,0.0,0.0,1387,783,480,31.27,0.5,0.55,2470,13780,68835,32175,24238.65,nse
2026-08-21 10:22:58.975064,NIFTY,2026-08-25,26650,PE,0.0,0.0,0.0,0,0,0,0.0,2166.3,2427.65,780,390,6890,6110,24238.65,nse
2026-08-21 10:22:58.975064,NIFTY,2026-08-25,26700,CE,0.5,0.0,0.0,772,703,-18,31.52,0.4,0.5,12220,2015,220480,23855,24238.65,nse
2026-08-21 10:22:58.975064,NIFTY,2026-08-25,26700,PE,0.0,0.0,0.0,0,0,0,0.0,2209.1,2477.85,780,780,6890,6890,24238.65,nse
2026-08-21 10:22:58.975064,NIFTY,2026-08-25,26750,CE,0.45,0.0,0.0,235,242,80,32.08,0.45,0.5,2795,130,124995,20605,24238.65,nse
2026-08-21 10:22:58.975064,NIFTY,2026-08-25,26750,PE,0.0,0.0,0.0,0,0,0,0.0,2254.95,2531.8,780,780,6890,6890,24238.65,nse
2026-08-21 10:22:58.975064,NIFTY,2026-08-25,26800,CE,0.45,-0.1,-18.181818181818183,2797,1114,-491,32.64,0.4,0.45,15080,10855,899340,64740,24238.65,nse
2026-08-21 10:22:58.975064,NIFTY,2026-08-25,26800,PE,0.0,0.0,0.0,0,2,0,39.43,2437.1,2577.7,780,65,6240,5330,24238.65,nse
2026-08-21 10:22:58.975064,NIFTY,2026-08-25,26850,CE,0.45,-0.05,-10.0,232,298,56,33.19,0.4,0.5,2340,650,130715,17810,24238.65,nse
2026-08-21 10:22:58.975064,NIFTY,2026-08-25,26850,PE,0.0,0.0,0.0,0,0,0,0.0,2356.15,2638.4,780,780,6890,5980,24238.65,nse
2026-08-21 10:22:58.975064,NIFTY,2026-08-25,26900,CE,0.45,0.0,0.0,894,2059,302,33.74,0.45,0.5,11440,27560,1170195,117715,24238.65,nse
2026-08-21 10:22:58.975064,NIFTY,2026-08-25,26900,PE,0.0,0.0,0.0,0,1,0,0.0,2452.0,2678.75,780,780,7020,6890,24238.65,nse
2026-08-21 10:22:58.975064,NIFTY,2026-08-25,26950,CE,0.5,0.0,0.0,117,196,9,34.62,0.4,0.5,65,2990,82550,23790,24238.65,nse
2026-08-21 10:22:58.975064,NIFTY,2026-08-25,26950,PE,0.0,0.0,0.0,0,0,0,0.0,2452.85,2736.85,780,780,6890,6890,24238.65,nse
2026-08-21 10:22:58.975064,NIFTY,2026-08-25,27000,CE,0.4,-0.05,-11.11111111111111,2016,2737,153,34.47,0.4,0.45,26260,27300,1174810,154245,24238.65,nse
2026-08-21 10:22:58.975064,NIFTY,2026-08-25,27000,PE,2720.0,5.0,0.1841620626151013,1,647,0,0.0,2704.3,2723.25,195,65,6500,6500,24238.65,nse
2026-08-21 10:22:58.975064,NIFTY,2026-08-25,27050,CE,0.35,-0.05,-12.5,40,477,11,34.61,0.35,0.45,2665,1885,68120,26000,24238.65,nse
2026-08-21 10:22:58.975064,NIFTY,2026-08-25,27050,PE,0.0,0.0,0.0,0,0,0,0.0,2536.2,2862.95,780,780,6890,6890,24238.65,nse
2026-08-21 10:22:58.975064,NIFTY,2026-08-25,27100,CE,0.45,0.05,12.5,1081,1379,173,35.92,0.4,0.45,8515,10075,941980,36725,24238.65,nse
2026-08-21 10:22:58.975064,NIFTY,2026-08-25,27100,PE,0.0,0.0,0.0,0,2,0,0.0,2689.05,2890.95,780,780,7020,6890,24238.65,nse
2026-08-21 10:22:58.975064,NIFTY,2026-08-25,27150,CE,0.45,0.1,28.571428571428573,507,840,123,35.68,0.35,0.45,8840,3185,237250,33930,24238.65,nse
2026-08-21 10:22:58.975064,NIFTY,2026-08-25,27150,PE,0.0,0.0,0.0,0,0,0,0.0,2625.65,2990.75,780,780,6110,6110,24238.65,nse
2026-08-21 10:22:58.975064,NIFTY,2026-08-25,27200,CE,0.35,-0.05,-12.5,8332,6467,318,36.21,0.35,0.4,161460,132145,1854840,317850,24238.65,nse
2026-08-21 10:22:58.975064,NIFTY,2026-08-25,27200,PE,0.0,0.0,0.0,0,18,0,0.0,2788.25,2989.0,780,780,7020,6890,24238.65,nse
