datetime,open,high,low,close,volume
2026-02-06 03:00:00+00:00,25605.8,25630.8,25553.55,25574.35,0
2026-02-06 04:00:00+00:00,25574.6,25574.6,25504.6,25506.65,0
2026-02-06 05:00:00+00:00,25507.1,25598.2,25491.9,25588.55,0
2026-02-06 06:00:00+00:00,25588.5,25657.9,25561.35,25573.75,0
2026-02-06 07:00:00+00:00,25573.25,25576.65,25526.65,25569.0,0
2026-02-06 08:00:00+00:00,25569.4,25633.3,25549.1,25610.9,0
2026-02-06 09:00:00+00:00,25611.1,25703.95,25606.5,25673.6,0
2026-02-09 03:00:00+00:00,25888.7,25922.25,25793.3,25822.9,0
2026-02-09 04:00:00+00:00,25822.0,25835.5,25780.9,25812.8,0
2026-02-09 05:00:00+00:00,25812.3,25870.05,25810.1,25858.4,0
2026-02-09 06:00:00+00:00,25858.85,25866.55,25830.5,25849.3,0
2026-02-09 07:00:00+00:00,25850.55,25860.3,25819.95,25838.15,0
2026-02-09 08:00:00+00:00,25840.35,25864.4,25835.5,25858.7,0
2026-02-09 09:00:00+00:00,25860.05,25875.85,25836.25,25863.3,0
2026-02-10 03:00:00+00:00,25922.65,25934.95,25870.45,25917.6,0
2026-02-10 04:00:00+00:00,25918.2,25971.85,25909.65,25963.4,0
2026-02-10 05:00:00+00:00,25963.5,25978.9,25947.3,25954.05,0
2026-02-10 06:00:00+00:00,25953.95,25969.8,25941.9,25956.8,0
2026-02-10 07:00:00+00:00,25956.4,25989.45,25927.45,25938.1,0
2026-02-10 08:00:00+00:00,25935.05,25943.8,25893.2,25921.3,0
2026-02-10 09:00:00+00:00,25919.15,25967.4,25903.85,25916.8,0
2026-02-11 03:00:00+00:00,25997.45,26009.4,25942.45,25980.6,0
2026-02-11 04:00:00+00:00,25980.1,25984.55,25909.85,25964.8,0
2026-02-11 05:00:00+00:00,25964.2,25981.3,25938.9,25957.7,0
2026-02-11 06:00:00+00:00,25957.7,25979.05,25933.95,25939.7,0
2026-02-11 07:00:00+00:00,25940.05,25945.65,25899.8,25945.05,0
2026-02-11 08:00:00+00:00,25944.7,25969.2,25925.55,25944.85,0
2026-02-11 09:00:00+00:00,25944.4,25970.75,25937.2,25945.35,0
2026-02-12 03:00:00+00:00,25906.7,25906.7,25831.25,25833.75,0
2026-02-12 04:00:00+00:00,25835.8,25882.6,25822.3,25867.2,0
2026-02-12 05:00:00+00:00,25867.35,25876.0,25824.2,25831.1,0
2026-02-12 06:00:00+00:00,25833.9,25839.7,25806.5,25832.15,0
2026-02-12 07:00:00+00:00,25834.9,25879.3,25830.0,25855.45,0
2026-02-12 08:00:00+00:00,25857.4,25862.0,25803.25,25823.7,0
2026-02-12 09:00:00+00:00,25823.4,25840.7,25752.4,25796.15,0
2026-02-13 03:00:00+00:00,25571.15,25630.35,25558.3,25585.7,0
2026-02-13 04:00:00+00:00,25586.1,25586.1,25513.3,25548.95,0
2026-02-13 05:00:00+00:00,25548.55,25584.3,25522.8,25548.8,0
2026-02-13 06:00:00+00:00,25548.85,25604.25,25525.05,25585.3,0
2026-02-13 07:00:00+00:00,25585.8,25606.05,25531.65,25546.65,0
2026-02-13 08:00:00+00:00,25546.9,25553.8,25499.9,25530.95,0
2026-02-13 09:00:00+00:00,25531.15,25534.55,25444.3,25460.55,0
2026-02-16 03:00:00+00:00,25423.6,25493.35,25372.7,25472.25,0
2026-02-16 04:00:00+00:00,25473.55,25561.85,25431.9,25525.85,0
2026-02-16 05:00:00+00:00,25526.2,25547.15,25507.15,25517.8,0
2026-02-16 06:00:00+00:00,25518.1,25576.5,25503.05,25576.05,0
2026-02-16 07:00:00+00:00,25576.4,25590.9,25550.65,25581.7,0
2026-02-16 08:00:00+00:00,25582.4,25624.9,25544.85,25620.4,0
2026-02-16 09:00:00+00:00,25620.75,25697.0,25620.35,25682.45,0
2026-02-17 03:00:00+00:00,25637.95,25664.85,25570.3,25592.8,0
2026-02-17 04:00:00+00:00,25593.1,25728.5,25578.7,25724.4,0
2026-02-17 05:00:00+00:00,25724.1,25730.35,25642.75,25693.6,0
2026-02-17 06:00:00+00:00,25693.95,25753.85,25687.55,25733.65,0
2026-02-17 07:00:00+00:00,25733.9,25764.4,25713.9,25740.1,0
2026-02-17 08:00:00+00:00,25740.95,25761.95,25662.6,25683.35,0
2026-02-17 09:00:00+00:00,25686.1,25746.3,25675.5,25716.0,0
2026-02-18 03:00:00+00:00,25752.65,25759.75,25697.75,25728.5,0
2026-02-18 04:00:00+00:00,25730.25,25746.65,25645.15,25665.35,0
2026-02-18 05:00:00+00:00,25666.2,25709.0,25654.7,25693.55,0
2026-02-18 06:00:00+00:00,25694.9,25723.0,25676.55,25711.75,0
2026-02-18 07:00:00+00:00,25713.9,25753.2,25709.9,25728.05,0
2026-02-18 08:00:00+00:00,25727.25,25792.85,25695.75,25785.2,0
2026-02-18 09:00:00+00:00,25784.2,25828.05,25768.45,25805.7,0
2026-02-19 03:00:00+00:00,25873.35,25885.3,25811.2,25817.65,0
2026-02-19 04:00:00+00:00,25817.75,25821.2,25732.35,25746.7,0
2026-02-19 05:00:00+00:00,25746.75,25752.4,25679.75,25688.65,0
2026-02-19 06:00:00+00:00,25687.7,25693.1,25586.75,25626.0,0
2026-02-19 07:00:00+00:00,25625.4,25636.25,25567.75,25619.7,0
2026-02-19 08:00:00+00:00,25617.95,25620.55,25544.9,25547.1,0
2026-02-19 09:00:00+00:00,25545.85,25575.55,25388.75,25416.45,0
2026-02-20 03:00:00+00:00,25406.55,25485.85,25379.75,25382.1,0
2026-02-20 04:00:00+00:00,25381.75,25572.65,25381.75,25550.8,0
2026-02-20 05:00:00+00:00,25550.95,25606.5,25550.95,25585.5,0
2026-02-20 06:00:00+00:00,25585.5,25663.55,25580.25,25653.45,0
2026-02-20 07:00:00+00:00,25652.95,25658.35,25532.0,25568.5,0
2026-02-20 08:00:00+00:00,25567.5,25634.15,25556.0,25591.1,0
2026-02-20 09:00:00+00:00,25592.0,25652.85,25538.9,25565.9,0
2026-02-23 03:00:00+00:00,25678.4,25767.9,25626.5,25759.05,0
2026-02-23 04:00:00+00:00,25760.3,25771.45,25695.95,25706.45,0
2026-02-23 05:00:00+00:00,25707.75,25709.65,25646.6,25662.0,0
2026-02-23 06:00:00+00:00,25662.3,25682.95,25631.65,25651.9,0
2026-02-23 07:00:00+00:00,25652.55,25690.85,25627.7,25667.45,0
2026-02-23 08:00:00+00:00,25668.5,25680.3,25609.35,25673.65,0
2026-02-23 09:00:00+00:00,25673.9,25728.95,25661.75,25704.0,0
2026-02-24 03:00:00+00:00,25641.8,25641.8,25547.15,25548.65,0
2026-02-24 04:00:00+00:00,25548.6,25549.75,25474.35,25495.5,0
2026-02-24 05:00:00+00:00,25495.1,25519.35,25460.7,25518.15,0
2026-02-24 06:00:00+00:00,25517.1,25525.2,25416.85,25429.25,0
2026-02-24 07:00:00+00:00,25429.3,25439.8,25377.9,25378.65,0
2026-02-24 08:00:00+00:00,25378.95,25446.1,25327.6,25408.85,0
2026-02-24 09:00:00+00:00,25407.95,25464.55,25361.9,25460.25,0
2026-02-25 03:00:00+00:00,25512.6,25594.95,25507.9,25582.9,0
2026-02-25 04:00:00+00:00,25584.85,25652.6,25559.1,25635.2,0
2026-02-25 05:00:00+00:00,25635.0,25649.65,25597.6,25613.3,0
2026-02-25 06:00:00+00:00,25613.3,25622.2,25581.05,25592.5,0
2026-02-25 07:00:00+00:00,25591.95,25596.75,25428.2,25460.3,0
2026-02-25 08:00:00+00:00,25460.1,25502.45,25430.15,25448.55,0
2026-02-25 09:00:00+00:00,25449.5,25506.55,25439.95,25478.65,0
2026-02-26 03:00:00+00:00,25556.3,25567.6,25487.85,25504.45,0
2026-02-26 04:00:00+00:00,25505.15,25572.95,25492.1,25526.95,0
2026-02-26 05:00:00+00:00,25526.55,25570.85,25491.7,25536.75,0
2026-02-26 06:00:00+00:00,25535.35,25537.25,25400.95,25430.7,0
2026-02-26 07:00:00+00:00,25430.85,25461.15,25403.4,25438.0,0
2026-02-26 08:00:00+00:00,25437.3,25463.15,25406.15,25442.15,0
2026-02-26 09:00:00+00:00,25441.65,25527.15,25431.85,25493.3,0
2026-02-27 03:00:00+00:00,25459.85,25476.4,25363.4,25364.55,0
2026-02-27 04:00:00+00:00,25365.1,25383.65,25292.4,25324.3,0
2026-02-27 05:00:00+00:00,25324.35,25346.45,25302.8,25306.85,0
2026-02-27 06:00:00+00:00,25307.9,25328.8,25270.05,25300.6,0
2026-02-27 07:00:00+00:00,25300.55,25309.05,25268.7,25300.75,0
2026-02-27 08:00:00+00:00,25300.2,25352.05,25286.95,25293.55,0
2026-02-27 09:00:00+00:00,25293.55,25314.8,25141.3,25181.8,0
2026-03-02 03:00:00+00:00,24659.25,24958.8,24645.1,24889.4,0
2026-03-02 04:00:00+00:00,24889.75,24989.35,24853.7,24859.6,0
2026-03-02 05:00:00+00:00,24860.95,24885.25,24797.55,24803.0,0
2026-03-02 06:00:00+00:00,24802.8,24842.8,24718.55,24735.65,0
2026-03-02 07:00:00+00:00,24734.55,24741.25,24671.6,24679.5,0
2026-03-02 08:00:00+00:00,24677.8,24795.5,24603.5,24730.3,0
2026-03-02 09:00:00+00:00,24730.9,24914.85,24722.5,24849.75,0
2026-03-04 03:00:00+00:00,24388.8,24476.95,24315.45,24342.85,0
2026-03-04 04:00:00+00:00,24344.75,24437.35,24305.4,24419.05,0
2026-03-04 05:00:00+00:00,24420.0,24461.4,24363.0,24365.55,0
2026-03-04 06:00:00+00:00,24366.95,24402.3,24354.15,24368.3,0
2026-03-04 07:00:00+00:00,24368.95,24477.45,24357.75,24451.6,0
2026-03-04 08:00:00+00:00,24451.25,24574.65,24415.75,24522.5,0
2026-03-04 09:00:00+00:00,24523.1,24602.45,24451.05,24473.95,0
2026-03-05 03:00:00+00:00,24615.95,24651.95,24549.1,24568.45,0
2026-03-05 04:00:00+00:00,24570.6,24656.7,24530.05,24564.55,0
2026-03-05 05:00:00+00:00,24563.7,24672.8,24550.3,24612.9,0
2026-03-05 06:00:00+00:00,24613.65,24651.75,24556.9,24648.85,0
2026-03-05 07:00:00+00:00,24649.15,24665.95,24619.4,24651.0,0
2026-03-05 08:00:00+00:00,24651.55,24671.3,24529.4,24611.25,0
2026-03-05 09:00:00+00:00,24611.5,24854.2,24576.45,24737.45,0
2026-03-06 03:00:00+00:00,24656.4,24700.9,24587.15,24681.2,0
2026-03-06 04:00:00+00:00,24681.5,24688.1,24616.95,24651.75,0
2026-03-06 05:00:00+00:00,24652.35,24652.7,24575.15,24607.25,0
2026-03-06 06:00:00+00:00,24607.75,24654.55,24576.05,24578.3,0
2026-03-06 07:00:00+00:00,24578.25,24614.85,24578.25,24609.65,0
2026-03-06 08:00:00+00:00,24609.0,24623.5,24543.2,24593.0,0
2026-03-06 09:00:00+00:00,24593.45,24602.3,24415.75,24469.4,0
2026-03-09 03:00:00+00:00,23868.05,23959.7,23697.8,23736.75,0
2026-03-09 04:00:00+00:00,23736.25,23834.15,23711.85,23781.85,0
2026-03-09 05:00:00+00:00,23781.15,23896.0,23744.85,23877.25,0
2026-03-09 06:00:00+00:00,23877.8,23932.0,23828.35,23862.2,0
2026-03-09 07:00:00+00:00,23862.8,23918.2,23834.1,23882.15,0
2026-03-09 08:00:00+00:00,23883.6,23937.55,23859.6,23902.5,0
2026-03-09 09:00:00+00:00,23903.0,24078.15,23895.6,24005.8,0
2026-03-10 03:00:00+00:00,24280.8,24303.8,24125.15,24159.8,0
2026-03-10 04:00:00+00:00,24159.35,24213.7,24079.95,24160.6,0
2026-03-10 05:00:00+00:00,24160.3,24243.5,24159.1,24229.0,0
2026-03-10 06:00:00+00:00,24229.55,24255.3,24143.05,24162.65,0
2026-03-10 07:00:00+00:00,24163.3,24236.5,24142.45,24212.6,0
2026-03-10 08:00:00+00:00,24212.55,24296.65,24212.4,24235.45,0
2026-03-10 09:00:00+00:00,24235.2,24302.5,24201.95,24286.15,0
2026-03-11 03:00:00+00:00,24231.85,24299.0,24213.75,24237.35,0
2026-03-11 04:00:00+00:00,24237.9,24238.25,24103.45,24121.65,0
2026-03-11 05:00:00+00:00,24122.35,24141.95,24009.2,24033.55,0
2026-03-11 06:00:00+00:00,24033.9,24034.35,23971.6,24011.9,0
2026-03-11 07:00:00+00:00,24012.35,24023.65,23913.45,23980.0,0
2026-03-11 08:00:00+00:00,23980.45,24005.35,23892.0,23974.55,0
2026-03-11 09:00:00+00:00,23975.8,23977.05,23834.3,23848.2,0
2026-03-12 03:00:00+00:00,23674.85,23690.85,23556.3,23603.35,0
2026-03-12 04:00:00+00:00,23600.45,23696.75,23569.4,23666.65,0
2026-03-12 05:00:00+00:00,23666.35,23774.0,23632.35,23703.3,0
2026-03-12 06:00:00+00:00,23704.2,23759.2,23676.6,23744.1,0
2026-03-12 07:00:00+00:00,23744.4,23767.95,23656.4,23764.3,0
2026-03-12 08:00:00+00:00,23765.25,23833.15,23701.95,23711.8,0
2026-03-12 09:00:00+00:00,23713.5,23745.15,23605.55,23639.35,0
2026-03-13 03:00:00+00:00,23462.5,23487.9,23415.25,23469.65,0
2026-03-13 04:00:00+00:00,23469.8,23492.4,23305.75,23353.45,0
2026-03-13 05:00:00+00:00,23354.45,23379.55,23309.3,23377.35,0
2026-03-13 06:00:00+00:00,23378.85,23414.9,23266.1,23278.7,0
2026-03-13 07:00:00+00:00,23280.05,23281.5,23136.5,23189.35,0
2026-03-13 08:00:00+00:00,23191.35,23233.5,23112.0,23202.5,0
2026-03-13 09:00:00+00:00,23204.6,23258.6,23125.1,23170.9,0
2026-03-16 03:00:00+00:00,23116.1,23248.05,23098.0,23157.75,0
2026-03-16 04:00:00+00:00,23159.5,23284.65,23024.45,23024.95,0
2026-03-16 05:00:00+00:00,23026.5,23199.45,22955.25,23172.2,0
2026-03-16 06:00:00+00:00,23172.75,23218.15,23138.1,23179.4,0
2026-03-16 07:00:00+00:00,23178.65,23182.55,23086.35,23124.5,0
2026-03-16 08:00:00+00:00,23123.75,23374.7,23092.85,23347.85,0
2026-03-16 09:00:00+00:00,23352.85,23502.0,23337.65,23355.6,0
2026-03-17 03:00:00+00:00,23493.2,23493.2,23346.6,23373.15,0
2026-03-17 04:00:00+00:00,23376.7,23577.55,23359.5,23501.85,0
2026-03-17 05:00:00+00:00,23501.7,23533.9,23375.95,23384.35,0
2026-03-17 06:00:00+00:00,23385.25,23450.05,23355.7,23406.35,0
2026-03-17 07:00:00+00:00,23407.05,23560.2,23380.35,23541.05,0
2026-03-17 08:00:00+00:00,23542.5,23608.95,23504.15,23554.05,0
2026-03-17 09:00:00+00:00,23554.55,23656.8,23546.55,23558.8,0
2026-03-18 03:00:00+00:00,23632.9,23738.9,23618.45,23715.3,0
2026-03-18 04:00:00+00:00,23714.8,23754.65,23640.7,23722.95,0
2026-03-18 05:00:00+00:00,23721.65,23806.4,23713.45,23799.6,0
2026-03-18 06:00:00+00:00,23798.75,23835.95,23760.9,23767.0,0
2026-03-18 07:00:00+00:00,23767.15,23836.75,23762.4,23824.35,0
2026-03-18 08:00:00+00:00,23823.85,23862.25,23809.6,23835.25,0
2026-03-18 09:00:00+00:00,23836.45,23840.05,23730.65,23764.1,0
2026-03-19 03:00:00+00:00,23197.75,23378.7,23180.95,23316.05,0
2026-03-19 04:00:00+00:00,23317.2,23325.6,23204.05,23272.4,0
2026-03-19 05:00:00+00:00,23272.4,23317.8,23207.55,23228.05,0
2026-03-19 06:00:00+00:00,23227.35,23281.2,23217.85,23254.85,0
2026-03-19 07:00:00+00:00,23254.9,23277.3,23172.15,23176.65,0
2026-03-19 08:00:00+00:00,23176.7,23217.85,23087.95,23100.65,0
2026-03-19 09:00:00+00:00,23101.1,23127.55,22930.35,23087.85,0
2026-03-20 03:00:00+00:00,23110.15,23303.85,23109.9,23286.8,0
2026-03-20 04:00:00+00:00,23287.05,23319.7,23200.65,23260.6,0
2026-03-20 05:00:00+00:00,23261.75,23345.15,23252.6,23317.3,0
2026-03-20 06:00:00+00:00,23317.9,23331.6,23137.05,23155.15,0
2026-03-20 07:00:00+00:00,23155.65,23271.1,23120.35,23257.7,0
2026-03-20 08:00:00+00:00,23258.45,23272.4,23164.0,23164.0,0
2026-03-20 09:00:00+00:00,23164.05,23188.05,23067.6,23134.65,0
2026-03-23 03:00:00+00:00,22824.35,22851.7,22634.55,22704.4,0
2026-03-23 04:00:00+00:00,22702.15,22742.8,22530.3,22531.0,0
2026-03-23 05:00:00+00:00,22530.6,22583.65,22504.15,22559.15,0
2026-03-23 06:00:00+00:00,22557.85,22571.6,22478.15,22511.95,0
2026-03-23 07:00:00+00:00,22514.6,22555.9,22471.25,22487.05,0
2026-03-23 08:00:00+00:00,22487.6,22661.15,22487.15,22611.2,0
2026-03-23 09:00:00+00:00,22610.55,22646.55,22478.1,22492.65,0
2026-03-24 03:00:00+00:00,22878.45,22899.6,22762.8,22839.9,0
2026-03-24 04:00:00+00:00,22839.6,22852.4,22681.6,22737.9,0
2026-03-24 05:00:00+00:00,22738.2,22746.0,22624.2,22728.5,0
2026-03-24 06:00:00+00:00,22729.35,22936.5,22724.5,22844.45,0
2026-03-24 07:00:00+00:00,22844.15,23027.25,22843.4,23021.95,0
2026-03-24 08:00:00+00:00,23021.2,23057.3,22920.0,22945.6,0
2026-03-24 09:00:00+00:00,22945.1,22961.7,22875.35,22958.4,0
2026-03-25 03:00:00+00:00,23064.4,23220.8,23063.2,23215.1,0
2026-03-25 04:00:00+00:00,23214.65,23318.55,23202.55,23314.55,0
2026-03-25 05:00:00+00:00,23313.7,23434.75,23299.95,23388.4,0
2026-03-25 06:00:00+00:00,23391.5,23449.75,23343.5,23429.25,0
2026-03-25 07:00:00+00:00,23429.0,23465.35,23369.7,23412.95,0
2026-03-25 08:00:00+00:00,23414.15,23462.8,23314.35,23337.25,0
2026-03-25 09:00:00+00:00,23337.35,23368.05,23273.95,23309.0,0
2026-03-27 03:00:00+00:00,23173.55,23186.1,23025.5,23056.8,0
2026-03-27 04:00:00+00:00,23056.55,23063.85,22967.3,23006.75,0
2026-03-27 05:00:00+00:00,23006.55,23038.65,22927.3,22934.5,0
2026-03-27 06:00:00+00:00,22935.3,22964.25,22905.6,22962.3,0
2026-03-27 07:00:00+00:00,22962.8,22992.95,22920.0,22936.4,0
2026-03-27 08:00:00+00:00,22935.8,22949.15,22872.1,22885.15,0
2026-03-27 09:00:00+00:00,22886.65,22886.95,22804.55,22839.5,0
2026-03-30 03:00:00+00:00,22549.65,22618.05,22470.15,22580.75,0
2026-03-30 04:00:00+00:00,22581.4,22714.1,22534.75,22534.75,0
2026-03-30 05:00:00+00:00,22535.45,22554.6,22454.0,22468.2,0
2026-03-30 06:00:00+00:00,22468.1,22594.5,22453.0,22519.15,0
2026-03-30 07:00:00+00:00,22519.85,22579.3,22456.55,22476.45,0
2026-03-30 08:00:00+00:00,22476.2,22502.1,22375.8,22378.05,0
2026-03-30 09:00:00+00:00,22376.55,22410.6,22283.85,22379.2,0
2026-04-01 03:00:00+00:00,22899.0,22930.4,22809.0,22929.75,0
2026-04-01 04:00:00+00:00,22928.55,22941.3,22771.65,22796.5,0
2026-04-01 05:00:00+00:00,22797.1,22820.25,22738.25,22790.1,0
2026-04-01 06:00:00+00:00,22788.85,22864.6,22736.6,22832.8,0
2026-04-01 07:00:00+00:00,22831.0,22897.95,22795.0,22807.95,0
2026-04-01 08:00:00+00:00,22808.35,22808.35,22648.35,22733.4,0
2026-04-01 09:00:00+00:00,22734.55,22734.9,22618.6,22703.15,0
2026-04-02 03:00:00+00:00,22383.4,22394.65,22209.15,22244.45,0
2026-04-02 04:00:00+00:00,22244.35,22290.75,22182.55,22217.65,0
2026-04-02 05:00:00+00:00,22216.85,22250.2,22189.45,22207.6,0
2026-04-02 06:00:00+00:00,22206.5,22300.6,22203.7,22294.5,0
2026-04-02 07:00:00+00:00,22293.2,22489.05,22285.15,22488.25,0
2026-04-02 08:00:00+00:00,22488.45,22684.7,22458.0,22665.65,0
2026-04-02 09:00:00+00:00,22665.55,22782.3,22569.15,22700.7,0
2026-04-06 03:00:00+00:00,22780.3,22798.25,22591.7,22609.05,0
2026-04-06 04:00:00+00:00,22604.85,22746.9,22561.9,22634.45,0
2026-04-06 05:00:00+00:00,22634.05,22669.2,22542.95,22629.3,0
2026-04-06 06:00:00+00:00,22629.15,22731.1,22595.9,22713.4,0
2026-04-06 07:00:00+00:00,22713.55,22898.95,22644.45,22860.2,0
2026-04-06 08:00:00+00:00,22863.65,22929.7,22843.4,22895.45,0
2026-04-06 09:00:00+00:00,22896.65,22998.35,22886.3,22959.45,0
2026-04-07 03:00:00+00:00,22838.7,22893.4,22719.3,22889.85,0
2026-04-07 04:00:00+00:00,22891.45,22966.6,22793.0,22943.65,0
2026-04-07 05:00:00+00:00,22944.5,22965.25,22827.75,22943.6,0
2026-04-07 06:00:00+00:00,22943.5,22991.7,22903.8,22924.75,0
2026-04-07 07:00:00+00:00,22926.2,22970.7,22906.15,22959.95,0
2026-04-07 08:00:00+00:00,22961.9,23063.55,22960.05,23014.1,0
2026-04-07 09:00:00+00:00,23015.0,23153.85,22989.45,23129.95,0
2026-04-08 03:00:00+00:00,23855.15,23938.85,23828.5,23877.85,0
2026-04-08 04:00:00+00:00,23878.4,23961.25,23869.1,23909.85,0
2026-04-08 05:00:00+00:00,23910.6,24014.0,23904.05,23982.75,0
2026-04-08 06:00:00+00:00,23982.45,23998.6,23920.15,23950.1,0
2026-04-08 07:00:00+00:00,23950.95,24001.6,23902.25,23999.15,0
2026-04-08 08:00:00+00:00,24000.35,24025.15,23944.0,23979.55,0
2026-04-08 09:00:00+00:00,23980.45,24018.25,23955.75,24012.35,0
2026-04-09 03:00:00+00:00,23909.05,23990.75,23815.15,23984.2,0
2026-04-09 04:00:00+00:00,23983.6,23986.1,23759.45,23848.2,0
2026-04-09 05:00:00+00:00,23848.45,23872.2,23803.65,23855.25,0
2026-04-09 06:00:00+00:00,23855.0,23907.3,23844.4,23872.55,0
2026-04-09 07:00:00+00:00,23871.75,23885.35,23767.8,23769.3,0
2026-04-09 08:00:00+00:00,23769.15,23800.0,23709.85,23720.3,0
2026-04-09 09:00:00+00:00,23720.0,23806.8,23682.8,23766.05,0
2026-04-10 03:00:00+00:00,23880.55,23978.7,23856.35,23937.35,0
2026-04-10 04:00:00+00:00,23938.05,24036.2,23916.3,24010.0,0
2026-04-10 05:00:00+00:00,24008.9,24026.1,23971.3,23972.15,0
2026-04-10 06:00:00+00:00,23972.8,24032.6,23953.8,24009.35,0
2026-04-10 07:00:00+00:00,24010.4,24022.0,23986.15,24007.5,0
2026-04-10 08:00:00+00:00,24007.0,24048.2,23938.6,23965.35,0
2026-04-10 09:00:00+00:00,23964.65,24074.05,23947.25,24050.5,0
2026-04-13 03:00:00+00:00,23589.6,23699.7,23555.6,23604.7,0
2026-04-13 04:00:00+00:00,23604.3,23732.3,23580.35,23721.5,0
2026-04-13 05:00:00+00:00,23721.8,23762.75,23696.3,23740.5,0
2026-04-13 06:00:00+00:00,23740.65,23836.55,23729.4,23835.95,0
2026-04-13 07:00:00+00:00,23837.6,23847.75,23771.75,23823.4,0
2026-04-13 08:00:00+00:00,23824.55,23907.4,23822.9,23866.05,0
2026-04-13 09:00:00+00:00,23865.45,23897.45,23814.65,23818.9,0
2026-04-15 03:00:00+00:00,24163.8,24280.9,24162.7,24192.45,0
2026-04-15 04:00:00+00:00,24193.5,24272.55,24145.8,24260.1,0
2026-04-15 05:00:00+00:00,24260.4,24273.15,24174.5,24188.05,0
2026-04-15 06:00:00+00:00,24188.1,24235.65,24184.65,24219.75,0
2026-04-15 07:00:00+00:00,24219.8,24238.55,24187.75,24196.95,0
2026-04-15 08:00:00+00:00,24196.9,24242.25,24191.25,24233.35,0
2026-04-15 09:00:00+00:00,24232.9,24265.75,24206.5,24211.9,0
2026-04-16 03:00:00+00:00,24385.2,24400.95,24333.95,24385.85,0
2026-04-16 04:00:00+00:00,24385.65,24396.05,24264.4,24300.75,0
2026-04-16 05:00:00+00:00,24301.05,24333.2,24282.75,24299.15,0
2026-04-16 06:00:00+00:00,24300.25,24304.25,24152.25,24162.95,0
2026-04-16 07:00:00+00:00,24162.95,24169.75,24102.8,24116.05,0
2026-04-16 08:00:00+00:00,24116.1,24190.5,24115.3,24186.6,0
2026-04-16 09:00:00+00:00,24186.5,24245.0,24163.45,24188.4,0
2026-04-17 03:00:00+00:00,24165.9,24235.6,24096.05,24233.35,0
2026-04-17 04:00:00+00:00,24232.6,24304.55,24166.9,24285.85,0
2026-04-17 05:00:00+00:00,24285.9,24296.3,24237.75,24275.25,0
2026-04-17 06:00:00+00:00,24275.8,24323.1,24253.15,24284.0,0
2026-04-17 07:00:00+00:00,24283.95,24292.95,24259.9,24289.35,0
2026-04-17 08:00:00+00:00,24289.5,24327.1,24287.45,24307.1,0
2026-04-17 09:00:00+00:00,24307.4,24371.9,24304.75,24366.9,0
2026-04-20 03:00:00+00:00,24391.5,24420.2,24241.25,24383.0,0
2026-04-20 04:00:00+00:00,24383.15,24413.5,24281.2,24409.65,0
2026-04-20 05:00:00+00:00,24409.5,24467.6,24395.9,24464.75,0
2026-04-20 06:00:00+00:00,24463.8,24473.25,24421.75,24461.4,0
2026-04-20 07:00:00+00:00,24461.0,24480.65,24359.2,24392.0,0
2026-04-20 08:00:00+00:00,24392.65,24438.0,24369.2,24431.25,0
2026-04-20 09:00:00+00:00,24431.5,24431.6,24318.0,24330.9,0
2026-04-21 03:00:00+00:00,24374.55,24486.0,24354.9,24449.15,0
2026-04-21 04:00:00+00:00,24449.75,24524.85,24442.45,24493.6,0
2026-04-21 05:00:00+00:00,24494.15,24565.1,24491.2,24539.2,0
2026-04-21 06:00:00+00:00,24537.3,24570.95,24513.65,24547.2,0
2026-04-21 07:00:00+00:00,24547.65,24571.25,24525.35,24552.35,0
2026-04-21 08:00:00+00:00,24552.6,24584.65,24522.6,24572.6,0
2026-04-21 09:00:00+00:00,24573.6,24601.7,24526.05,24580.6,0
2026-04-22 03:00:00+00:00,24470.85,24515.95,24434.4,24440.4,0
2026-04-22 04:00:00+00:00,24439.45,24466.45,24352.9,24373.05,0
2026-04-22 05:00:00+00:00,24372.3,24449.7,24367.2,24435.45,0
2026-04-22 06:00:00+00:00,24435.95,24448.7,24390.55,24409.9,0
2026-04-22 07:00:00+00:00,24410.2,24437.7,24385.45,24415.6,0
2026-04-22 08:00:00+00:00,24415.9,24458.25,24390.7,24405.6,0
2026-04-22 09:00:00+00:00,24405.65,24430.25,24356.7,24367.65,0
2026-04-23 03:00:00+00:00,24202.35,24242.5,24134.8,24230.5,0
2026-04-23 04:00:00+00:00,24230.5,24310.2,24193.5,24261.3,0
2026-04-23 05:00:00+00:00,24263.5,24265.4,24185.2,24197.75,0
2026-04-23 06:00:00+00:00,24198.15,24231.5,24172.85,24180.1,0
2026-04-23 07:00:00+00:00,24182.6,24281.1,24167.1,24271.45,0
2026-04-23 08:00:00+00:00,24271.75,24272.45,24189.2,24189.45,0
2026-04-23 09:00:00+00:00,24190.95,24216.7,24149.8,24156.05,0
2026-04-24 03:00:00+00:00,24100.55,24206.0,24056.6,24058.1,0
2026-04-24 04:00:00+00:00,24058.05,24061.6,23937.25,23957.7,0
2026-04-24 05:00:00+00:00,23956.2,23971.2,23903.25,23931.3,0
2026-04-24 06:00:00+00:00,23930.4,23949.3,23878.8,23881.8,0
2026-04-24 07:00:00+00:00,23881.85,23919.05,23851.15,23878.3,0
2026-04-24 08:00:00+00:00,23878.4,23890.35,23813.65,23888.55,0
2026-04-24 09:00:00+00:00,23887.75,23930.5,23863.3,23903.95,0
2026-04-27 03:00:00+00:00,23945.45,24067.5,23936.2,24042.0,0
2026-04-27 04:00:00+00:00,24045.05,24107.6,23998.3,24058.3,0
2026-04-27 05:00:00+00:00,24058.1,24088.95,24013.0,24030.95,0
2026-04-27 06:00:00+00:00,24031.65,24066.1,23974.4,24059.0,0
2026-04-27 07:00:00+00:00,24057.75,24120.55,24056.95,24107.5,0
2026-04-27 08:00:00+00:00,24107.8,24129.55,24099.4,24111.2,0
2026-04-27 09:00:00+00:00,24109.9,24130.7,24077.85,24110.2,0
2026-04-28 03:00:00+00:00,24049.9,24133.65,23999.25,24115.35,0
2026-04-28 04:00:00+00:00,24116.2,24181.8,24090.4,24166.8,0
2026-04-28 05:00:00+00:00,24168.2,24174.65,24057.9,24058.0,0
2026-04-28 06:00:00+00:00,24057.85,24093.8,24003.85,24012.45,0
2026-04-28 07:00:00+00:00,24011.9,24049.0,23992.3,24019.45,0
2026-04-28 08:00:00+00:00,24021.05,24029.85,23961.25,23997.4,0
2026-04-28 09:00:00+00:00,23998.95,24046.45,23957.05,24016.5,0
2026-04-29 03:00:00+00:00,24096.9,24123.55,24059.95,24111.55,0
2026-04-29 04:00:00+00:00,24110.45,24296.3,24087.35,24290.15,0
2026-04-29 05:00:00+00:00,24290.4,24298.95,24254.8,24263.25,0
2026-04-29 06:00:00+00:00,24266.1,24317.1,24263.5,24307.1,0
2026-04-29 07:00:00+00:00,24309.35,24334.7,24304.6,24305.2,0
2026-04-29 08:00:00+00:00,24307.25,24317.0,24184.95,24186.7,0
2026-04-29 09:00:00+00:00,24188.45,24230.7,24142.95,24163.6,0
2026-04-30 03:00:00+00:00,23996.95,24019.15,23872.75,23876.95,0
2026-04-30 04:00:00+00:00,23874.1,23956.45,23800.65,23827.6,0
2026-04-30 05:00:00+00:00,23827.1,23857.3,23796.85,23831.65,0
2026-04-30 06:00:00+00:00,23831.1,23919.6,23821.7,23911.45,0
2026-04-30 07:00:00+00:00,23912.0,23982.45,23892.25,23971.15,0
2026-04-30 08:00:00+00:00,23970.55,24061.1,23962.6,24007.15,0
2026-04-30 09:00:00+00:00,24006.15,24087.45,23962.95,24043.7,0
2026-05-04 03:00:00+00:00,24063.55,24245.85,24061.85,24214.55,0
2026-05-04 04:00:00+00:00,24215.6,24290.2,24142.8,24196.65,0
2026-05-04 05:00:00+00:00,24197.5,24242.25,24172.2,24237.4,0
2026-05-04 06:00:00+00:00,24237.3,24249.15,24106.5,24132.8,0
2026-05-04 07:00:00+00:00,24132.65,24134.65,24024.7,24025.25,0
2026-05-04 08:00:00+00:00,24023.35,24149.7,24004.75,24122.7,0
2026-05-04 09:00:00+00:00,24123.75,24135.45,24071.0,24123.8,0
2026-05-05 03:00:00+00:00,24052.6,24072.1,23949.4,23992.05,0
2026-05-05 04:00:00+00:00,23990.6,24060.55,23944.65,23954.4,0
2026-05-05 05:00:00+00:00,23952.2,23966.8,23913.55,23935.15,0
2026-05-05 06:00:00+00:00,23935.3,23977.95,23882.05,23943.2,0
2026-05-05 07:00:00+00:00,23943.9,24081.7,23933.8,24039.95,0
2026-05-05 08:00:00+00:00,24041.4,24062.15,24002.15,24058.3,0
2026-05-05 09:00:00+00:00,24059.3,24060.65,23997.85,24052.15,0
2026-05-06 03:00:00+00:00,24171.0,24250.85,24156.95,24171.6,0
2026-05-06 04:00:00+00:00,24174.6,24185.25,24096.5,24136.4,0
2026-05-06 05:00:00+00:00,24135.5,24150.15,24073.2,24112.5,0
2026-05-06 06:00:00+00:00,24111.95,24117.35,24029.75,24054.65,0
2026-05-06 07:00:00+00:00,24054.15,24085.8,23997.9,24075.35,0
2026-05-06 08:00:00+00:00,24076.6,24332.05,24074.65,24311.65,0
2026-05-06 09:00:00+00:00,24314.7,24356.5,24277.9,24339.3,0
2026-05-07 03:00:00+00:00,24398.5,24423.35,24300.7,24334.15,0
2026-05-07 04:00:00+00:00,24334.8,24402.15,24310.0,24360.3,0
2026-05-07 05:00:00+00:00,24360.3,24379.05,24289.45,24306.45,0
2026-05-07 06:00:00+00:00,24306.95,24383.65,24284.0,24355.15,0
2026-05-07 07:00:00+00:00,24355.25,24482.1,24324.55,24353.35,0
2026-05-07 08:00:00+00:00,24353.55,24381.1,24331.65,24376.9,0
2026-05-07 09:00:00+00:00,24376.5,24385.3,24293.4,24336.4,0
2026-05-08 03:00:00+00:00,24233.65,24253.8,24158.15,24244.15,0
2026-05-08 04:00:00+00:00,24244.3,24244.95,24138.4,24238.05,0
2026-05-08 05:00:00+00:00,24238.85,24242.55,24193.85,24198.35,0
2026-05-08 06:00:00+00:00,24199.9,24212.95,24170.05,24196.1,0
2026-05-08 07:00:00+00:00,24195.25,24198.4,24150.95,24195.45,0
2026-05-08 08:00:00+00:00,24196.65,24202.65,24126.65,24169.65,0
2026-05-08 09:00:00+00:00,24171.0,24240.25,24163.5,24179.8,0
2026-05-11 03:00:00+00:00,23970.1,23986.8,23895.55,23953.25,0
2026-05-11 04:00:00+00:00,23952.2,23959.55,23845.3,23869.2,0
2026-05-11 05:00:00+00:00,23868.45,23942.95,23847.45,23927.8,0
2026-05-11 06:00:00+00:00,23928.2,23956.9,23907.25,23929.05,0
2026-05-11 07:00:00+00:00,23928.9,23954.95,23902.45,23946.35,0
2026-05-11 08:00:00+00:00,23946.1,23997.45,23922.15,23931.9,0
2026-05-11 09:00:00+00:00,23931.95,23957.85,23799.1,23820.35,0
2026-05-12 03:00:00+00:00,23722.6,23757.55,23633.1,23638.3,0
2026-05-12 04:00:00+00:00,23638.95,23675.2,23605.05,23613.25,0
2026-05-12 05:00:00+00:00,23613.55,23638.65,23577.85,23588.9,0
2026-05-12 06:00:00+00:00,23589.5,23612.85,23551.3,23557.3,0
2026-05-12 07:00:00+00:00,23557.8,23564.05,23506.0,23531.05,0
2026-05-12 08:00:00+00:00,23532.45,23550.2,23447.85,23468.6,0
2026-05-12 09:00:00+00:00,23469.35,23474.6,23348.4,23430.55,0
2026-05-13 03:00:00+00:00,23362.45,23503.8,23362.45,23367.05,0
2026-05-13 04:00:00+00:00,23367.7,23477.8,23262.55,23452.45,0
2026-05-13 05:00:00+00:00,23452.25,23478.6,23368.05,23399.0,0
2026-05-13 06:00:00+00:00,23399.85,23518.7,23395.7,23491.0,0
2026-05-13 07:00:00+00:00,23489.5,23582.95,23423.3,23496.75,0
2026-05-13 08:00:00+00:00,23492.05,23540.5,23469.8,23491.35,0
2026-05-13 09:00:00+00:00,23491.05,23504.4,23394.35,23428.7,0
2026-05-14 03:00:00+00:00,23530.25,23589.2,23515.6,23581.3,0
2026-05-14 04:00:00+00:00,23581.35,23586.2,23446.7,23506.4,0
2026-05-14 05:00:00+00:00,23507.65,23577.8,23426.55,23567.4,0
2026-05-14 06:00:00+00:00,23568.5,23708.3,23566.6,23692.65,0
2026-05-14 07:00:00+00:00,23695.2,23747.8,23667.45,23715.15,0
2026-05-14 08:00:00+00:00,23718.1,23768.75,23709.3,23755.35,0
2026-05-14 09:00:00+00:00,23756.1,23777.2,23668.15,23713.75,0
2026-05-15 03:00:00+00:00,23731.4,23796.95,23663.35,23787.9,0
2026-05-15 04:00:00+00:00,23787.3,23837.0,23734.1,23828.15,0
2026-05-15 05:00:00+00:00,23827.85,23839.3,23712.4,23712.7,0
2026-05-15 06:00:00+00:00,23711.4,23769.6,23677.65,23720.5,0
2026-05-15 07:00:00+00:00,23720.7,23797.5,23715.55,23776.1,0
2026-05-15 08:00:00+00:00,23776.05,23779.6,23685.3,23695.7,0
2026-05-15 09:00:00+00:00,23696.95,23705.3,23610.3,23659.35,0
2026-05-18 03:00:00+00:00,23482.2,23494.6,23363.05,23373.1,0
2026-05-18 04:00:00+00:00,23373.15,23394.95,23317.1,23379.85,0
2026-05-18 05:00:00+00:00,23379.75,23519.9,23355.55,23495.8,0
2026-05-18 06:00:00+00:00,23495.8,23562.75,23468.35,23553.45,0
2026-05-18 07:00:00+00:00,23553.5,23661.65,23553.5,23618.95,0
2026-05-18 08:00:00+00:00,23618.35,23659.4,23583.85,23614.35,0
2026-05-18 09:00:00+00:00,23613.5,23695.65,23581.95,23644.45,0
2026-05-19 03:00:00+00:00,23675.3,23765.65,23675.25,23756.9,0
2026-05-19 04:00:00+00:00,23759.6,23768.95,23647.4,23751.05,0
2026-05-19 05:00:00+00:00,23752.9,23782.3,23695.35,23727.85,0
2026-05-19 06:00:00+00:00,23728.15,23772.75,23704.85,23752.4,0
2026-05-19 07:00:00+00:00,23753.75,23753.75,23701.45,23724.85,0
2026-05-19 08:00:00+00:00,23726.7,23743.3,23674.0,23703.15,0
2026-05-19 09:00:00+00:00,23704.45,23705.3,23587.2,23606.2,0
2026-05-20 03:00:00+00:00,23457.25,23481.95,23397.3,23476.95,0
2026-05-20 04:00:00+00:00,23477.85,23548.6,23473.5,23519.9,0
2026-05-20 05:00:00+00:00,23519.9,23602.75,23503.65,23599.85,0
2026-05-20 06:00:00+00:00,23599.95,23640.25,23577.0,23588.0,0
2026-05-20 07:00:00+00:00,23588.6,23617.05,23561.85,23567.1,0
2026-05-20 08:00:00+00:00,23567.5,23678.95,23565.8,23665.35,0
2026-05-20 09:00:00+00:00,23665.45,23690.9,23639.6,23664.15,0
2026-05-21 03:00:00+00:00,23830.05,23859.9,23750.85,23758.1,0
2026-05-21 04:00:00+00:00,23760.15,23812.0,23728.05,23780.0,0
2026-05-21 05:00:00+00:00,23781.75,23790.0,23639.9,23742.55,0
2026-05-21 06:00:00+00:00,23744.2,23744.8,23649.5,23663.8,0
2026-05-21 07:00:00+00:00,23663.4,23673.95,23596.6,23631.6,0
2026-05-21 08:00:00+00:00,23632.4,23691.8,23622.75,23652.4,0
2026-05-21 09:00:00+00:00,23653.6,23705.4,23631.1,23648.6,0
2026-05-22 03:00:00+00:00,23671.2,23756.65,23671.0,23738.6,0
2026-05-22 04:00:00+00:00,23738.6,23800.15,23729.55,23761.45,0
2026-05-22 05:00:00+00:00,23761.35,23797.85,23750.7,23758.9,0
2026-05-22 06:00:00+00:00,23758.2,23828.5,23750.05,23774.75,0
2026-05-22 07:00:00+00:00,23774.85,23835.65,23758.85,23809.4,0
2026-05-22 08:00:00+00:00,23809.1,23822.7,23739.1,23739.3,0
2026-05-22 09:00:00+00:00,23739.4,23752.5,23698.95,23748.85,0
2026-05-25 03:00:00+00:00,23940.25,23989.1,23922.85,23981.6,0
2026-05-25 04:00:00+00:00,23981.95,23984.3,23924.4,23958.55,0
2026-05-25 05:00:00+00:00,23960.9,23995.9,23959.2,23977.15,0
2026-05-25 06:00:00+00:00,23978.45,23992.7,23955.9,23956.5,0
2026-05-25 07:00:00+00:00,23957.85,23986.25,23935.6,23984.1,0
2026-05-25 08:00:00+00:00,23986.55,23991.0,23955.25,23978.15,0
2026-05-25 09:00:00+00:00,23979.0,24054.45,23976.45,24049.9,0
2026-05-26 03:00:00+00:00,24004.1,24041.25,23965.7,24034.1,0
2026-05-26 04:00:00+00:00,24034.4,24077.2,24014.55,24071.4,0
2026-05-26 05:00:00+00:00,24070.0,24089.8,24044.8,24044.8,0
2026-05-26 06:00:00+00:00,24044.95,24071.9,24017.45,24021.9,0
2026-05-26 07:00:00+00:00,24021.85,24036.4,23958.55,23987.5,0
2026-05-26 08:00:00+00:00,23987.45,23999.25,23907.1,23922.6,0
2026-05-26 09:00:00+00:00,23923.0,23940.05,23885.45,23933.75,0
2026-05-27 03:00:00+00:00,23880.35,23950.15,23869.65,23903.95,0
2026-05-27 04:00:00+00:00,23899.9,23971.0,23868.5,23963.4,0
2026-05-27 05:00:00+00:00,23964.8,23981.25,23918.9,23974.65,0
2026-05-27 06:00:00+00:00,23974.75,23983.2,23905.15,23906.3,0
2026-05-27 07:00:00+00:00,23905.05,23938.3,23884.15,23892.05,0
2026-05-27 08:00:00+00:00,23891.45,23924.1,23882.05,23890.25,0
2026-05-27 09:00:00+00:00,23887.6,23926.85,23858.25,23920.65,0
2026-05-29 03:00:00+00:00,23902.15,24002.8,23889.15,23893.4,0
2026-05-29 04:00:00+00:00,23892.2,23954.5,23871.1,23911.65,0
2026-05-29 05:00:00+00:00,23911.2,23929.65,23877.65,23889.55,0
2026-05-29 06:00:00+00:00,23889.2,23914.0,23815.1,23855.8,0
2026-05-29 07:00:00+00:00,23856.2,23859.05,23759.55,23775.6,0
2026-05-29 08:00:00+00:00,23775.35,23786.05,23731.25,23760.1,0
2026-05-29 09:00:00+00:00,23759.55,23802.05,23484.75,23609.3,0
2026-06-01 03:00:00+00:00,23654.5,23733.7,23587.75,23592.95,0
2026-06-01 04:00:00+00:00,23591.95,23623.8,23536.8,23539.85,0
2026-06-01 05:00:00+00:00,23539.35,23619.25,23517.7,23559.15,0
2026-06-01 06:00:00+00:00,23558.6,23570.1,23486.0,23516.95,0
2026-06-01 07:00:00+00:00,23516.4,23536.95,23453.25,23483.5,0
2026-06-01 08:00:00+00:00,23482.3,23500.4,23389.6,23395.0,0
2026-06-01 09:00:00+00:00,23394.1,23427.35,23357.95,23379.2,0
2026-06-02 03:00:00+00:00,23229.15,23297.75,23229.15,23282.1,0
2026-06-02 04:00:00+00:00,23281.3,23375.95,23261.2,23371.0,0
2026-06-02 05:00:00+00:00,23371.2,23373.2,23281.55,23340.45,0
2026-06-02 06:00:00+00:00,23340.2,23344.5,23270.95,23274.75,0
2026-06-02 07:00:00+00:00,23274.85,23503.65,23271.45,23502.95,0
2026-06-02 08:00:00+00:00,23502.7,23556.95,23492.6,23516.75,0
2026-06-02 09:00:00+00:00,23517.0,23535.3,23422.65,23523.3,0
2026-06-03 03:00:00+00:00,23415.95,23447.65,23265.25,23292.7,0
2026-06-03 04:00:00+00:00,23293.5,23299.8,23225.5,23246.3,0
2026-06-03 05:00:00+00:00,23247.0,23255.3,23194.8,23215.85,0
2026-06-03 06:00:00+00:00,23216.95,23241.65,23151.5,23235.45,0
2026-06-03 07:00:00+00:00,23236.35,23349.75,23236.2,23345.0,0
2026-06-03 08:00:00+00:00,23345.95,23439.5,23316.4,23406.75,0
2026-06-03 09:00:00+00:00,23408.45,23459.65,23373.9,23396.95,0
2026-06-04 03:00:00+00:00,23282.45,23362.85,23247.3,23334.8,0
2026-06-04 04:00:00+00:00,23334.75,23450.1,23304.35,23423.5,0
2026-06-04 05:00:00+00:00,23423.0,23446.45,23374.8,23392.7,0
2026-06-04 06:00:00+00:00,23392.65,23462.3,23359.45,23430.65,0
2026-06-04 07:00:00+00:00,23430.45,23432.0,23313.15,23362.25,0
2026-06-04 08:00:00+00:00,23362.55,23433.75,23346.15,23419.75,0
2026-06-04 09:00:00+00:00,23420.1,23465.3,23385.3,23438.0,0
2026-06-05 03:00:00+00:00,23478.95,23516.35,23439.3,23461.95,0
2026-06-05 04:00:00+00:00,23462.2,23512.65,23423.85,23470.55,0
2026-06-05 05:00:00+00:00,23470.95,23494.8,23331.8,23418.35,0
2026-06-05 06:00:00+00:00,23418.3,23455.25,23396.95,23437.0,0
2026-06-05 07:00:00+00:00,23436.85,23439.7,23310.55,23310.6,0
2026-06-05 08:00:00+00:00,23310.5,23354.05,23282.65,23351.6,0
2026-06-05 09:00:00+00:00,23351.8,23418.25,23318.75,23368.85,0
2026-06-08 03:00:00+00:00,23080.7,23157.05,23070.15,23155.5,0
2026-06-08 04:00:00+00:00,23156.1,23202.0,23125.25,23172.45,0
2026-06-08 05:00:00+00:00,23173.2,23223.45,23172.3,23186.15,0
2026-06-08 06:00:00+00:00,23186.55,23226.45,23182.7,23218.75,0
2026-06-08 07:00:00+00:00,23219.2,23267.3,23194.7,23209.05,0
2026-06-08 08:00:00+00:00,23208.7,23215.3,23145.7,23149.1,0
2026-06-08 09:00:00+00:00,23148.6,23196.7,23089.9,23103.7,0
2026-06-09 03:00:00+00:00,23259.05,23259.45,23194.9,23225.05,0
2026-06-09 04:00:00+00:00,23224.9,23252.05,23148.7,23162.35,0
2026-06-09 05:00:00+00:00,23162.5,23168.05,23104.45,23132.15,0
2026-06-09 06:00:00+00:00,23131.25,23209.4,23126.1,23205.3,0
2026-06-09 07:00:00+00:00,23205.95,23226.65,23177.5,23204.65,0
2026-06-09 08:00:00+00:00,23203.85,23222.25,23175.3,23216.85,0
2026-06-09 09:00:00+00:00,23214.95,23279.4,23203.0,23257.75,0
2026-06-10 03:00:00+00:00,23233.95,23350.2,23217.3,23339.75,0
2026-06-10 04:00:00+00:00,23339.45,23384.45,23305.8,23319.4,0
2026-06-10 05:00:00+00:00,23319.4,23398.1,23317.7,23396.75,0
2026-06-10 06:00:00+00:00,23396.9,23409.8,23374.3,23375.25,0
2026-06-10 07:00:00+00:00,23375.95,23425.35,23333.2,23398.3,0
2026-06-10 08:00:00+00:00,23397.95,23407.35,23307.45,23315.5,0
2026-06-10 09:00:00+00:00,23316.35,23320.85,23184.6,23216.1,0
2026-06-11 03:00:00+00:00,23104.4,23148.05,23072.05,23119.35,0
2026-06-11 04:00:00+00:00,23121.9,23207.8,23093.15,23199.5,0
2026-06-11 05:00:00+00:00,23201.1,23236.8,23162.5,23235.45,0
2026-06-11 06:00:00+00:00,23237.4,23307.05,23210.65,23295.6,0
2026-06-11 07:00:00+00:00,23297.6,23327.45,23220.45,23241.0,0
2026-06-11 08:00:00+00:00,23242.9,23267.75,23201.6,23240.05,0
2026-06-11 09:00:00+00:00,23241.15,23245.45,23131.95,23186.55,0
2026-06-12 03:00:00+00:00,23412.55,23455.95,23400.55,23401.2,0
2026-06-12 04:00:00+00:00,23402.85,23410.65,23322.65,23345.85,0
2026-06-12 05:00:00+00:00,23346.75,23380.65,23329.95,23357.4,0
2026-06-12 06:00:00+00:00,23358.9,23389.3,23343.35,23365.3,0
2026-06-12 07:00:00+00:00,23365.9,23392.5,23313.9,23388.95,0
2026-06-12 08:00:00+00:00,23390.4,23550.3,23389.05,23547.8,0
2026-06-12 09:00:00+00:00,23549.3,23645.35,23532.9,23631.75,0
2026-06-15 03:00:00+00:00,23984.85,24011.4,23934.1,23946.15,0
2026-06-15 04:00:00+00:00,23947.05,23980.45,23927.35,23962.55,0
2026-06-15 05:00:00+00:00,23964.9,24009.1,23961.95,23978.45,0
2026-06-15 06:00:00+00:00,23977.95,23979.8,23893.8,23894.75,0
2026-06-15 07:00:00+00:00,23896.0,23935.0,23892.35,23906.65,0
2026-06-15 08:00:00+00:00,23907.5,23916.75,23865.85,23906.8,0
2026-06-15 09:00:00+00:00,23908.15,23942.6,23817.8,23856.55,0
2026-06-16 03:00:00+00:00,23923.9,23941.1,23888.2,23938.1,0
2026-06-16 04:00:00+00:00,23938.2,23954.75,23895.65,23943.35,0
2026-06-16 05:00:00+00:00,23943.5,23977.8,23923.95,23929.45,0
2026-06-16 06:00:00+00:00,23929.7,23949.75,23903.35,23940.15,0
2026-06-16 07:00:00+00:00,23940.8,23969.8,23915.5,23966.8,0
2026-06-16 08:00:00+00:00,23967.15,24000.3,23955.75,23984.2,0
2026-06-16 09:00:00+00:00,23985.15,24002.6,23962.7,23995.0,0
2026-06-17 03:00:00+00:00,24044.5,24048.05,23969.7,24020.7,0
2026-06-17 04:00:00+00:00,24022.75,24082.8,24017.7,24066.9,0
2026-06-17 05:00:00+00:00,24067.8,24097.4,24062.05,24088.95,0
2026-06-17 06:00:00+00:00,24089.9,24108.2,24033.0,24045.5,0
2026-06-17 07:00:00+00:00,24045.85,24053.95,24005.85,24034.25,0
2026-06-17 08:00:00+00:00,24035.1,24061.85,24021.4,24024.3,0
2026-06-17 09:00:00+00:00,24025.8,24098.75,24015.8,24081.95,0
2026-06-18 03:00:00+00:00,24073.8,24133.35,24058.85,24090.25,0
2026-06-18 04:00:00+00:00,24092.2,24139.65,24066.85,24109.25,0
2026-06-18 05:00:00+00:00,24111.4,24114.2,24036.95,24054.95,0
2026-06-18 06:00:00+00:00,24057.5,24119.95,24047.3,24118.7,0
2026-06-18 07:00:00+00:00,24120.85,24136.3,24100.65,24120.45,0
2026-06-18 08:00:00+00:00,24121.9,24135.0,24083.75,24088.35,0
2026-06-18 09:00:00+00:00,24090.65,24189.25,24074.7,24179.4,0
2026-06-19 03:00:00+00:00,23991.2,23998.8,23939.8,23955.55,0
2026-06-19 04:00:00+00:00,23955.45,24011.5,23938.75,23966.75,0
2026-06-19 05:00:00+00:00,23967.35,23972.6,23936.25,23953.75,0
2026-06-19 06:00:00+00:00,23954.1,23974.5,23940.2,23968.9,0
2026-06-19 07:00:00+00:00,23969.2,23972.25,23913.15,23928.15,0
2026-06-19 08:00:00+00:00,23928.8,24000.6,23925.8,23958.05,0
2026-06-19 09:00:00+00:00,23958.55,24047.2,23901.9,24042.7,0
2026-06-22 03:00:00+00:00,24106.6,24142.5,24073.15,24131.2,0
2026-06-22 04:00:00+00:00,24130.25,24159.65,24103.75,24152.8,0
2026-06-22 05:00:00+00:00,24153.85,24168.05,24136.55,24160.65,0
2026-06-22 06:00:00+00:00,24160.65,24166.05,24112.35,24119.85,0
2026-06-22 07:00:00+00:00,24119.65,24127.2,24105.1,24118.7,0
2026-06-22 08:00:00+00:00,24118.3,24141.55,24097.15,24138.8,0
2026-06-22 09:00:00+00:00,24138.7,24145.45,24080.1,24086.85,0
2026-06-23 03:00:00+00:00,24071.3,24095.55,24040.05,24088.95,0
2026-06-23 04:00:00+00:00,24090.05,24135.5,24088.2,24112.45,0
2026-06-23 05:00:00+00:00,24112.8,24130.45,24083.55,24112.95,0
2026-06-23 06:00:00+00:00,24114.25,24114.75,23917.3,23948.85,0
2026-06-23 07:00:00+00:00,23949.65,23958.95,23902.25,23907.4,0
2026-06-23 08:00:00+00:00,23908.35,23921.15,23862.65,23915.8,0
2026-06-23 09:00:00+00:00,23916.95,23935.2,23784.95,23795.25,0
2026-06-24 03:00:00+00:00,23795.8,23885.3,23789.25,23879.4,0
2026-06-24 04:00:00+00:00,23879.65,23970.3,23810.65,23947.75,0
2026-06-24 05:00:00+00:00,23950.05,23991.6,23932.15,23974.95,0
2026-06-24 06:00:00+00:00,23976.05,24013.85,23958.0,23995.65,0
2026-06-24 07:00:00+00:00,23995.7,24056.1,23967.0,24052.45,0
2026-06-24 08:00:00+00:00,24052.85,24090.05,24026.5,24054.85,0
2026-06-24 09:00:00+00:00,24054.8,24068.75,24003.25,24013.15,0
2026-06-25 03:00:00+00:00,24125.85,24169.7,24107.8,24147.15,0
2026-06-25 04:00:00+00:00,24149.15,24190.25,24130.5,24172.1,0
2026-06-25 05:00:00+00:00,24173.35,24205.65,24166.9,24190.55,0
2026-06-25 06:00:00+00:00,24191.05,24261.6,24181.05,24201.9,0
2026-06-25 07:00:00+00:00,24203.6,24214.5,24169.3,24181.5,0
2026-06-25 08:00:00+00:00,24181.8,24211.2,24088.95,24108.2,0
2026-06-25 09:00:00+00:00,24110.05,24128.9,24039.0,24052.95,0
2026-06-29 03:00:00+00:00,24061.75,24110.75,24032.35,24064.8,0
2026-06-29 04:00:00+00:00,24065.7,24120.0,24005.45,24112.15,0
2026-06-29 05:00:00+00:00,24112.75,24117.2,24047.4,24061.2,0
2026-06-29 06:00:00+00:00,24062.3,24065.25,23964.85,23968.4,0
2026-06-29 07:00:00+00:00,23968.45,23979.7,23925.4,23965.15,0
2026-06-29 08:00:00+00:00,23965.65,23981.25,23926.3,23950.85,0
2026-06-29 09:00:00+00:00,23951.4,23987.2,23924.55,23978.5,0
2026-06-30 03:00:00+00:00,24032.05,24035.55,23890.8,23896.9,0
2026-06-30 04:00:00+00:00,23896.7,23916.05,23851.95,23891.45,0
2026-06-30 05:00:00+00:00,23891.35,23998.55,23872.6,23976.55,0
2026-06-30 06:00:00+00:00,23976.65,23979.2,23918.4,23933.15,0
2026-06-30 07:00:00+00:00,23933.15,23964.35,23911.55,23935.15,0
2026-06-30 08:00:00+00:00,23934.25,23972.45,23863.9,23944.45,0
2026-06-30 09:00:00+00:00,23945.2,23955.85,23829.2,23917.75,0
2026-07-01 03:00:00+00:00,23897.65,23934.9,23895.1,23922.95,0
2026-07-01 04:00:00+00:00,23919.95,24020.65,23912.65,23997.2,0
2026-07-01 05:00:00+00:00,23996.25,24026.85,23947.35,24008.8,0
2026-07-01 06:00:00+00:00,24008.35,24049.9,23986.0,23997.55,0
2026-07-01 07:00:00+00:00,23997.5,24043.25,23997.5,24012.75,0
2026-07-01 08:00:00+00:00,24012.95,24047.65,24002.05,24028.55,0
2026-07-01 09:00:00+00:00,24027.2,24048.2,23980.65,23987.95,0
2026-07-02 03:00:00+00:00,24062.2,24127.6,24058.8,24111.65,0
2026-07-02 04:00:00+00:00,24110.1,24159.45,24070.3,24107.1,0
2026-07-02 05:00:00+00:00,24106.05,24116.8,24085.7,24087.3,0
2026-07-02 06:00:00+00:00,24087.6,24133.2,24067.5,24131.75,0
2026-07-02 07:00:00+00:00,24132.1,24155.35,24113.6,24141.75,0
2026-07-02 08:00:00+00:00,24141.8,24155.3,24126.0,24140.15,0
2026-07-02 09:00:00+00:00,24140.5,24194.55,24138.95,24167.2,0
2026-07-03 03:00:00+00:00,24375.65,24378.15,24295.15,24347.75,0
2026-07-03 04:00:00+00:00,24349.0,24366.8,24311.85,24345.1,0
2026-07-03 05:00:00+00:00,24347.1,24354.0,24319.1,24328.35,0
2026-07-03 06:00:00+00:00,24329.75,24373.35,24322.9,24362.15,0
2026-07-03 07:00:00+00:00,24362.4,24365.0,24302.85,24305.95,0
2026-07-03 08:00:00+00:00,24306.35,24308.65,24264.8,24267.85,0
2026-07-03 09:00:00+00:00,24268.5,24287.55,24252.35,24271.2,0
2026-07-06 03:00:00+00:00,24306.85,24360.15,24287.1,24352.5,0
2026-07-06 04:00:00+00:00,24353.15,24414.65,24351.4,24405.95,0
2026-07-06 05:00:00+00:00,24406.35,24428.05,24390.2,24419.2,0
2026-07-06 06:00:00+00:00,24419.85,24446.55,24407.85,24441.25,0
2026-07-06 07:00:00+00:00,24440.9,24455.4,24425.6,24442.85,0
2026-07-06 08:00:00+00:00,24442.45,24458.65,24396.35,24405.6,0
2026-07-06 09:00:00+00:00,24405.75,24447.65,24382.4,24423.95,0
2026-07-07 03:00:00+00:00,24464.45,24488.45,24427.0,24455.85,0
2026-07-07 04:00:00+00:00,24456.8,24505.1,24423.5,24490.45,0
2026-07-07 05:00:00+00:00,24490.7,24525.75,24465.35,24519.55,0
2026-07-07 06:00:00+00:00,24519.4,24530.9,24485.9,24493.1,0
2026-07-07 07:00:00+00:00,24492.95,24495.0,24419.6,24443.1,0
2026-07-07 08:00:00+00:00,24442.65,24467.65,24418.45,24453.55,0
2026-07-07 09:00:00+00:00,24453.9,24473.05,24348.95,24355.1,0
2026-07-08 03:00:00+00:00,24259.55,24295.25,24229.9,24239.2,0
2026-07-08 04:00:00+00:00,24239.6,24267.15,24207.2,24245.2,0
2026-07-08 05:00:00+00:00,24246.1,24300.0,24245.75,24285.15,0
2026-07-08 06:00:00+00:00,24286.2,24286.2,24202.55,24206.55,0
2026-07-08 07:00:00+00:00,24207.6,24235.8,24184.0,24216.3,0
2026-07-08 08:00:00+00:00,24217.55,24220.5,23872.15,23874.45,0
2026-07-08 09:00:00+00:00,23875.65,23919.55,23805.2,23895.7,0
2026-07-09 03:00:00+00:00,23928.95,24038.5,23927.7,24024.15,0
2026-07-09 04:00:00+00:00,24022.65,24076.8,24004.2,24042.85,0
2026-07-09 05:00:00+00:00,24042.9,24134.7,23988.35,24079.8,0
2026-07-09 06:00:00+00:00,24079.8,24081.55,24037.6,24063.3,0
2026-07-09 07:00:00+00:00,24063.9,24068.45,24015.85,24035.55,0
2026-07-09 08:00:00+00:00,24035.35,24082.35,24024.35,24058.85,0
2026-07-09 09:00:00+00:00,24057.95,24078.6,23925.7,23981.9,0
2026-07-10 03:00:00+00:00,24124.7,24187.9,24120.35,24168.4,0
2026-07-10 04:00:00+00:00,24168.6,24226.05,24166.2,24203.3,0
2026-07-10 05:00:00+00:00,24205.35,24213.45,24156.85,24157.85,0
2026-07-10 06:00:00+00:00,24161.05,24193.5,24152.05,24189.25,0
2026-07-10 07:00:00+00:00,24190.3,24201.85,24160.75,24176.55,0
2026-07-10 08:00:00+00:00,24177.4,24214.5,24171.9,24212.3,0
2026-07-10 09:00:00+00:00,24213.4,24228.45,24187.3,24211.65,0
2026-07-13 03:00:00+00:00,24039.4,24044.45,24000.2,24027.45,0
2026-07-13 04:00:00+00:00,24027.2,24157.4,24019.35,24145.8,0
2026-07-13 05:00:00+00:00,24146.15,24162.05,24116.2,24138.15,0
2026-07-13 06:00:00+00:00,24137.45,24198.55,24123.25,24181.75,0
2026-07-13 07:00:00+00:00,24183.25,24259.8,24161.8,24171.4,0
2026-07-13 08:00:00+00:00,24169.75,24238.25,24169.3,24229.4,0
2026-07-13 09:00:00+00:00,24228.65,24250.85,24191.9,24211.15,0
2026-07-14 03:00:00+00:00,24068.0,24157.1,24050.55,24140.9,0
2026-07-14 04:00:00+00:00,24140.6,24147.35,24038.1,24086.55,0
2026-07-14 05:00:00+00:00,24087.55,24146.35,24077.35,24141.15,0
2026-07-14 06:00:00+00:00,24142.2,24142.2,24054.85,24059.6,0
2026-07-14 07:00:00+00:00,24061.75,24097.35,24057.5,24093.3,0
2026-07-14 08:00:00+00:00,24093.3,24093.95,24038.55,24046.4,0
2026-07-14 09:00:00+00:00,24048.15,24075.0,24023.7,24035.15,0
2026-07-15 03:00:00+00:00,24085.85,24211.75,24069.05,24195.7,0
2026-07-15 04:00:00+00:00,24196.5,24220.35,24173.5,24204.95,0
2026-07-15 05:00:00+00:00,24205.8,24212.65,24171.0,24202.65,0
2026-07-15 06:00:00+00:00,24202.45,24214.65,24166.8,24168.45,0
2026-07-15 07:00:00+00:00,24168.4,24174.2,24010.55,24074.95,0
2026-07-15 08:00:00+00:00,24075.0,24100.85,24044.85,24077.65,0
2026-07-15 09:00:00+00:00,24077.95,24107.05,24061.05,24073.45,0
2026-07-16 03:00:00+00:00,24142.1,24167.4,24117.55,24127.5,0
2026-07-16 04:00:00+00:00,24129.25,24145.75,24097.05,24123.5,0
2026-07-16 05:00:00+00:00,24124.4,24186.5,24109.55,24146.35,0
2026-07-16 06:00:00+00:00,24148.95,24166.8,24131.95,24159.6,0
2026-07-16 07:00:00+00:00,24160.65,24160.65,24102.7,24105.8,0
2026-07-16 08:00:00+00:00,24107.4,24111.9,24051.65,24085.85,0
2026-07-16 09:00:00+00:00,24089.05,24126.55,24050.0,24081.1,0
2026-07-17 03:00:00+00:00,24127.6,24211.7,24099.05,24210.0,0
2026-07-17 04:00:00+00:00,24211.65,24282.6,24193.2,24281.55,0
2026-07-17 05:00:00+00:00,24282.55,24288.9,24230.9,24243.0,0
2026-07-17 06:00:00+00:00,24243.9,24286.35,24241.0,24277.65,0
2026-07-17 07:00:00+00:00,24278.35,24297.5,24257.4,24267.3,0
2026-07-17 08:00:00+00:00,24267.3,24367.3,24213.45,24287.4,0
2026-07-17 09:00:00+00:00,24287.2,24352.65,24286.85,24346.7,0
2026-07-20 03:00:00+00:00,24190.05,24262.35,24149.9,24191.7,0
2026-07-20 04:00:00+00:00,24191.9,24232.35,24157.5,24230.25,0
2026-07-20 05:00:00+00:00,24229.9,24239.2,24203.05,24209.9,0
2026-07-20 06:00:00+00:00,24210.05,24215.45,24168.2,24171.7,0
2026-07-20 07:00:00+00:00,24172.0,24246.35,24135.85,24243.3,0
2026-07-20 08:00:00+00:00,24243.2,24266.1,24227.15,24254.75,0
2026-07-20 09:00:00+00:00,24254.8,24256.55,24224.75,24239.5,0
2026-07-21 03:00:00+00:00,24216.05,24262.2,24203.6,24247.75,0
2026-07-21 04:00:00+00:00,24248.6,24255.8,24186.2,24199.6,0
2026-07-21 05:00:00+00:00,24202.4,24202.4,24163.75,24173.05,0
2026-07-21 06:00:00+00:00,24174.25,24188.1,24158.05,24171.95,0
2026-07-21 07:00:00+00:00,24173.25,24190.5,24135.65,24171.85,0
2026-07-21 08:00:00+00:00,24173.9,24195.3,24154.3,24167.95,0
2026-07-21 09:00:00+00:00,24169.6,24197.2,24156.05,24193.05,0
2026-07-22 03:00:00+00:00,24150.45,24166.3,24046.95,24048.9,0
2026-07-22 04:00:00+00:00,24051.0,24058.05,23973.7,24007.6,0
2026-07-22 05:00:00+00:00,24009.25,24042.0,23988.25,24041.55,0
2026-07-22 06:00:00+00:00,24042.75,24050.65,23968.55,23980.9,0
2026-07-22 07:00:00+00:00,23982.4,24017.05,23961.4,23979.3,0
2026-07-22 08:00:00+00:00,23981.45,24014.4,23964.6,23972.35,0
2026-07-22 09:00:00+00:00,23974.3,24024.8,23968.5,23991.05,0
2026-07-23 03:00:00+00:00,23904.8,23952.0,23876.2,23921.55,0
2026-07-23 04:00:00+00:00,23922.55,23973.7,23892.6,23969.65,0
2026-07-23 05:00:00+00:00,23970.3,23990.75,23944.25,23945.05,0
2026-07-23 06:00:00+00:00,23946.9,23964.3,23911.85,23911.85,0
2026-07-23 07:00:00+00:00,23912.5,23915.0,23811.85,23838.05,0
2026-07-23 08:00:00+00:00,23838.75,23871.95,23825.95,23859.65,0
2026-07-23 09:00:00+00:00,23860.4,23891.25,23807.2,23871.7,0
2026-07-24 03:00:00+00:00,23666.35,23763.55,23646.9,23703.55,0
2026-07-24 04:00:00+00:00,23703.4,23713.0,23606.3,23622.25,0
2026-07-24 05:00:00+00:00,23622.2,23678.15,23610.9,23655.7,0
2026-07-24 06:00:00+00:00,23655.7,23792.3,23649.15,23784.25,0
2026-07-24 07:00:00+00:00,23783.8,23808.7,23756.0,23790.65,0
2026-07-24 08:00:00+00:00,23790.6,23823.6,23736.0,23777.65,0
2026-07-24 09:00:00+00:00,23777.35,23794.15,23747.65,23787.0,0
2026-07-27 03:00:00+00:00,23928.4,23964.5,23896.7,23939.95,0
2026-07-27 04:00:00+00:00,23941.8,23955.9,23908.75,23915.2,0
2026-07-27 05:00:00+00:00,23917.05,23968.55,23891.55,23961.9,0
2026-07-27 06:00:00+00:00,23963.55,23972.8,23945.6,23954.75,0
2026-07-27 07:00:00+00:00,23956.9,23979.4,23943.05,23954.55,0
2026-07-27 08:00:00+00:00,23956.25,24009.75,23935.4,24006.7,0
2026-07-27 09:00:00+00:00,24008.65,24011.6,23984.1,24003.65,0
2026-07-28 03:00:00+00:00,23971.25,24040.9,23968.15,24006.25,0
2026-07-28 04:00:00+00:00,24006.7,24025.2,23961.95,23986.55,0
2026-07-28 05:00:00+00:00,23986.6,24041.15,23986.2,24013.9,0
2026-07-28 06:00:00+00:00,24014.45,24036.8,23999.95,24023.5,0
2026-07-28 07:00:00+00:00,24023.6,24027.25,23968.65,23984.85,0
2026-07-28 08:00:00+00:00,23984.85,24011.75,23972.4,23987.55,0
2026-07-28 09:00:00+00:00,23986.25,24013.35,23954.6,23987.8,0
2026-07-29 03:00:00+00:00,24176.65,24203.2,24136.75,24178.5,0
2026-07-29 04:00:00+00:00,24175.6,24235.5,24175.6,24225.3,0
2026-07-29 05:00:00+00:00,24224.75,24244.55,24213.4,24232.4,0
2026-07-29 06:00:00+00:00,24232.15,24247.8,24218.75,24221.5,0
2026-07-29 07:00:00+00:00,24222.1,24261.45,24209.95,24245.8,0
2026-07-29 08:00:00+00:00,24245.75,24278.7,24235.65,24272.65,0
2026-07-29 09:00:00+00:00,24272.1,24283.55,24231.05,24242.0,0
2026-07-30 03:00:00+00:00,24249.55,24280.5,24187.1,24276.95,0
2026-07-30 04:00:00+00:00,24274.5,24287.25,24231.15,24232.1,0
2026-07-30 05:00:00+00:00,24232.75,24282.5,24224.85,24274.6,0
2026-07-30 06:00:00+00:00,24274.2,24279.45,24248.85,24264.05,0
2026-07-30 07:00:00+00:00,24264.3,24331.4,24248.85,24269.4,0
2026-07-30 08:00:00+00:00,24269.15,24300.25,24228.95,24235.0,0
2026-07-30 09:00:00+00:00,24235.3,24342.95,24227.25,24296.6,0
2026-07-31 03:00:00+00:00,24361.45,24381.25,24326.55,24345.75,0
2026-07-31 04:00:00+00:00,24344.75,24362.95,24299.7,24352.1,0
2026-07-31 05:00:00+00:00,24350.8,24374.95,24334.15,24365.7,0
2026-07-31 06:00:00+00:00,24366.25,24393.5,24357.85,24386.3,0
2026-07-31 07:00:00+00:00,24385.7,24429.4,24378.65,24417.85,0
2026-07-31 08:00:00+00:00,24417.9,24419.8,24386.0,24394.3,0
2026-07-31 09:00:00+00:00,24395.8,24401.9,24355.05,24366.7,0
2026-08-03 03:00:00+00:00,24572.7,24576.45,24515.15,24550.2,0
2026-08-03 04:00:00+00:00,24550.25,24592.45,24541.8,24580.8,0
2026-08-03 05:00:00+00:00,24580.15,24602.55,24562.7,24591.75,0
2026-08-03 06:00:00+00:00,24591.85,24609.5,24579.8,24604.05,0
2026-08-03 07:00:00+00:00,24604.45,24606.55,24570.15,24589.7,0
2026-08-03 08:00:00+00:00,24589.25,24606.05,24577.7,24589.85,0
2026-08-03 09:00:00+00:00,24589.45,24774.3,24554.2,24774.3,0
2026-08-04 03:00:00+00:00,24703.9,24703.9,24589.85,24597.6,0
2026-08-04 04:00:00+00:00,24598.5,24647.65,24588.3,24592.8,0
2026-08-04 05:00:00+00:00,24594.15,24598.8,24569.0,24577.05,0
2026-08-04 06:00:00+00:00,24579.55,24579.55,24496.7,24515.7,0
2026-08-04 07:00:00+00:00,24517.65,24519.65,24469.35,24471.2,0
2026-08-04 08:00:00+00:00,24473.5,24494.3,24427.95,24470.5,0
2026-08-04 09:00:00+00:00,24470.1,24614.9,24443.6,24614.9,0
2026-08-05 03:00:00+00:00,24669.2,24677.6,24611.0,24621.4,0
2026-08-05 04:00:00+00:00,24622.2,24635.95,24580.45,24582.15,0
2026-08-05 05:00:00+00:00,24582.8,24662.6,24562.2,24610.95,0
2026-08-05 06:00:00+00:00,24609.55,24612.25,24560.75,24566.9,0
2026-08-05 07:00:00+00:00,24567.3,24568.3,24508.45,24528.55,0
2026-08-05 08:00:00+00:00,24529.2,24535.1,24497.95,24504.75,0
2026-08-05 09:00:00+00:00,24507.15,24624.65,24500.75,24624.65,0
2026-08-06 03:00:00+00:00,24641.0,24648.2,24604.15,24635.25,0
2026-08-06 04:00:00+00:00,24637.75,24665.05,24605.95,24635.7,0
2026-08-06 05:00:00+00:00,24636.55,24675.05,24616.0,24672.55,0
2026-08-06 06:00:00+00:00,24674.0,24677.05,24626.9,24637.05,0
2026-08-06 07:00:00+00:00,24637.35,24655.9,24611.85,24628.0,0
2026-08-06 08:00:00+00:00,24628.05,24662.8,24606.9,24654.9,0
2026-08-06 09:00:00+00:00,24655.45,24659.45,24614.7,24636.0,0
2026-08-07 03:00:00+00:00,24538.9,24620.0,24529.2,24601.6,0
2026-08-07 04:00:00+00:00,24604.0,24630.4,24562.95,24566.55,0
2026-08-07 05:00:00+00:00,24567.85,24591.6,24552.25,24584.75,0
2026-08-07 06:00:00+00:00,24586.6,24589.5,24532.9,24550.0,0
2026-08-07 07:00:00+00:00,24551.75,24573.5,24544.8,24565.95,0
2026-08-07 08:00:00+00:00,24567.55,24590.5,24522.75,24534.1,0
2026-08-07 09:00:00+00:00,24535.8,24570.65,24526.15,24570.65,0
